road_id,hour,day_of_week,weather,is_holiday,road_capacity,road_length_km,historical_flow,avg_speed_kmh
1-3,18,Thursday,clear,0,3000.0,8.5,100,50.68
1-3,0,Wednesday,cloudy,0,3000.0,8.5,100,52.24
1-3,12,Saturday,cloudy,0,3000.0,8.5,100,53.34
1-3,11,Thursday,clear,1,3000.0,8.5,100,56.38
1-3,0,Monday,rain,1,3000.0,8.5,124.97,49.54
1-3,15,Friday,clear,0,3000.0,8.5,100,51.03
1-3,0,Sunday,rain,0,3000.0,8.5,100,50.64
1-3,19,Friday,rain,1,3000.0,8.5,100,42.11
1-3,10,Monday,rain,0,3000.0,8.5,100,41.09
1-3,1,Friday,rain,0,3000.0,8.5,118.86,49.45
1-3,0,Tuesday,rain,0,3000.0,8.5,100,47.93
1-3,6,Sunday,rain,0,3000.0,8.5,100,49.88
1-3,15,Tuesday,cloudy,1,3000.0,8.5,100,47.4
1-3,19,Monday,cloudy,0,3000.0,8.5,100,49.78
1-3,4,Thursday,cloudy,0,3000.0,8.5,100,52.38
1-3,9,Sunday,clear,0,3000.0,8.5,148.85,50.76
1-3,15,Monday,rain,0,3000.0,8.5,100,42.13
1-3,9,Saturday,fog,0,3000.0,8.5,100,47.14
1-3,20,Tuesday,cloudy,0,3000.0,8.5,149.02,51.84
1-3,1,Monday,cloudy,0,3000.0,8.5,100,54.96
1-3,3,Thursday,cloudy,0,3000.0,8.5,100,52.54
1-3,19,Monday,rain,0,3000.0,8.5,100,42.95
1-3,22,Wednesday,fog,0,3000.0,8.5,121.58,51.02
1-3,3,Friday,clear,0,3000.0,8.5,100,54.06
1-3,22,Sunday,cloudy,0,3000.0,8.5,100,52.35
1-3,19,Tuesday,cloudy,0,3000.0,8.5,100,49.56
1-3,9,Tuesday,cloudy,0,3000.0,8.5,100,45.4
1-3,9,Sunday,fog,1,3000.0,8.5,100,47.13
1-3,5,Tuesday,cloudy,0,3000.0,8.5,100,55.75
1-3,14,Thursday,clear,0,3000.0,8.5,100,57.16
1-3,2,Thursday,cloudy,0,3000.0,8.5,100,51.06
1-3,8,Thursday,fog,1,3000.0,8.5,100,45.5
1-3,8,Monday,fog,0,3000.0,8.5,100,46.86
1-3,9,Friday,fog,0,3000.0,8.5,100,44.15
1-3,6,Saturday,clear,1,3000.0,8.5,100,53.34
1-3,5,Friday,rain,0,3000.0,8.5,100,45.69
1-3,22,Wednesday,rain,1,3000.0,8.5,100,48.67
1-3,7,Monday,rain,0,3000.0,8.5,107.34,41.3
1-3,4,Sunday,rain,0,3000.0,8.5,100,46.21
1-3,17,Wednesday,cloudy,0,3000.0,8.5,100,50.22
1-3,0,Friday,cloudy,1,3000.0,8.5,100,56.05
1-3,0,Wednesday,clear,0,3000.0,8.5,100,54.67
1-3,4,Tuesday,fog,1,3000.0,8.5,100,50.01
1-3,1,Monday,fog,0,3000.0,8.5,100,50.9
1-3,9,Wednesday,cloudy,0,3000.0,8.5,100,45.55
1-3,3,Sunday,cloudy,0,3000.0,8.5,100,55.15
1-3,19,Wednesday,rain,0,3000.0,8.5,100,45.06
1-3,3,Tuesday,clear,0,3000.0,8.5,100,52.37
1-3,11,Thursday,rain,0,3000.0,8.5,100,48.54
1-3,16,Monday,clear,0,3000.0,8.5,100,47.53
1-3,2,Saturday,cloudy,1,3000.0,8.5,116.0,53.67
1-3,20,Monday,rain,0,3000.0,8.5,118.28,45.49
1-3,8,Saturday,cloudy,0,3000.0,8.5,100,47.06
1-3,16,Friday,rain,0,3000.0,8.5,100,43.53
1-3,10,Friday,fog,1,3000.0,8.5,100,43.89
1-3,18,Monday,cloudy,0,3000.0,8.5,100,49.99
1-3,22,Thursday,rain,0,3000.0,8.5,100,45.82
1-3,21,Saturday,cloudy,0,3000.0,8.5,100,51.23
1-3,5,Sunday,rain,0,3000.0,8.5,100,49.97
1-3,9,Sunday,cloudy,0,3000.0,8.5,100,49.06
1-3,20,Friday,rain,0,3000.0,8.5,100,48.57
1-3,17,Friday,cloudy,0,3000.0,8.5,100,50.8
1-3,11,Thursday,cloudy,0,3000.0,8.5,100,53.41
1-3,2,Thursday,rain,1,3000.0,8.5,100,46.94
1-3,1,Tuesday,cloudy,0,3000.0,8.5,100,56.0
1-3,0,Sunday,cloudy,0,3000.0,8.5,100,52.28
1-3,22,Tuesday,clear,0,3000.0,8.5,100,51.53
1-3,20,Wednesday,cloudy,1,3000.0,8.5,100,50.75
1-3,3,Tuesday,cloudy,0,3000.0,8.5,135.09,50.8
1-3,9,Tuesday,rain,0,3000.0,8.5,100,39.19
1-3,20,Tuesday,rain,0,3000.0,8.5,100,49.88
1-3,17,Tuesday,fog,0,3000.0,8.5,100,43.64
1-3,5,Thursday,fog,0,3000.0,8.5,100,48.41
1-3,12,Friday,cloudy,0,3000.0,8.5,100,52.56
1-3,17,Wednesday,rain,0,3000.0,8.5,100,41.04
1-3,3,Monday,rain,1,3000.0,8.5,100,45.3
1-3,8,Monday,rain,0,3000.0,8.5,100,40.06
1-3,20,Thursday,clear,0,3000.0,8.5,100,54.69
1-3,1,Thursday,rain,0,3000.0,8.5,100,49.58
1-3,10,Wednesday,rain,0,3000.0,8.5,118.52,41.19
1-3,11,Monday,rain,0,3000.0,8.5,100,50.46
1-3,0,Sunday,cloudy,1,3000.0,8.5,100,53.78
1-3,22,Thursday,fog,0,3000.0,8.5,100,51.73
1-3,13,Wednesday,clear,0,3000.0,8.5,100,52.66
1-3,9,Wednesday,fog,0,3000.0,8.5,100,46.52
1-3,1,Tuesday,cloudy,0,3000.0,8.5,119.27,51.65
1-3,14,Friday,clear,0,3000.0,8.5,100,57.14
1-3,17,Monday,cloudy,0,3000.0,8.5,137.77,48.7
1-3,6,Thursday,fog,0,3000.0,8.5,100,47.7
1-3,6,Sunday,cloudy,0,3000.0,8.5,100,55.04
1-3,9,Saturday,cloudy,1,3000.0,8.5,100,45.51
1-3,2,Thursday,cloudy,0,3000.0,8.5,100,54.31
1-3,21,Sunday,rain,0,3000.0,8.5,100,46.85
1-3,10,Tuesday,cloudy,0,3000.0,8.5,100,46.95
1-3,11,Saturday,cloudy,1,3000.0,8.5,141.91,53.65
1-3,13,Monday,clear,0,3000.0,8.5,100,56.05
1-3,16,Thursday,clear,0,3000.0,8.5,104.61,48.51
1-3,15,Friday,clear,0,3000.0,8.5,110.21,46.45
1-3,20,Tuesday,rain,0,3000.0,8.5,100,51.02
1-3,19,Saturday,cloudy,0,3000.0,8.5,100,49.02
1-3,0,Thursday,rain,0,3000.0,8.5,100,48.74
1-3,22,Sunday,rain,1,3000.0,8.5,134.82,50.29
1-3,10,Friday,clear,1,3000.0,8.5,100,50.29
1-3,22,Thursday,cloudy,0,3000.0,8.5,100,51.25
1-3,10,Friday,rain,0,3000.0,8.5,100,40.32
1-3,11,Friday,fog,0,3000.0,8.5,100,49.58
1-3,2,Tuesday,clear,0,3000.0,8.5,100,52.98
1-3,18,Friday,clear,0,3000.0,8.5,100,49.5
1-3,18,Tuesday,fog,0,3000.0,8.5,100,46.44
1-3,7,Thursday,clear,0,3000.0,8.5,136.21,45.27
1-3,9,Friday,cloudy,0,3000.0,8.5,100,47.09
1-3,6,Thursday,fog,0,3000.0,8.5,100,48.21
1-3,19,Wednesday,clear,0,3000.0,8.5,100,48.04
1-3,5,Sunday,clear,0,3000.0,8.5,100,54.89
1-3,3,Saturday,fog,0,3000.0,8.5,143.06,51.88
1-3,0,Friday,rain,0,3000.0,8.5,121.02,48.72
1-3,9,Friday,fog,0,3000.0,8.5,100,45.93
1-3,5,Wednesday,clear,0,3000.0,8.5,100,54.24
1-3,10,Friday,cloudy,0,3000.0,8.5,100,45.87
1-3,6,Thursday,rain,0,3000.0,8.5,100,50.86
1-8,9,Thursday,cloudy,1,2500.0,6.2,100,48.72
1-8,17,Thursday,fog,0,2500.0,6.2,100,42.39
1-8,3,Wednesday,clear,0,2500.0,6.2,140.54,55.64
1-8,1,Tuesday,cloudy,0,2500.0,6.2,137.5,54.2
1-8,22,Saturday,cloudy,0,2500.0,6.2,100,51.18
1-8,19,Monday,cloudy,0,2500.0,6.2,100,45.64
1-8,19,Tuesday,fog,1,2500.0,6.2,111.08,46.37
1-8,7,Wednesday,clear,0,2500.0,6.2,100,49.44
1-8,6,Thursday,clear,1,2500.0,6.2,100,53.94
1-8,4,Sunday,fog,0,2500.0,6.2,100,50.59
1-8,6,Wednesday,fog,0,2500.0,6.2,100,49.36
1-8,1,Tuesday,cloudy,1,2500.0,6.2,100,52.33
1-8,4,Sunday,cloudy,0,2500.0,6.2,100,55.15
1-8,18,Thursday,rain,0,2500.0,6.2,100,45.6
1-8,16,Monday,fog,0,2500.0,6.2,100,46.41
1-8,16,Monday,cloudy,1,2500.0,6.2,117.79,50.72
1-8,21,Saturday,cloudy,0,2500.0,6.2,100,52.63
1-8,5,Friday,clear,0,2500.0,6.2,100,54.3
1-8,20,Friday,rain,0,2500.0,6.2,100,45.59
1-8,11,Sunday,clear,1,2500.0,6.2,100,53.12
1-8,10,Tuesday,clear,1,2500.0,6.2,100,46.64
1-8,11,Monday,clear,0,2500.0,6.2,100,51.77
1-8,2,Monday,rain,0,2500.0,6.2,131.03,49.15
1-8,7,Monday,clear,0,2500.0,6.2,100,48.91
1-8,21,Wednesday,cloudy,1,2500.0,6.2,148.65,53.19
1-8,4,Thursday,cloudy,0,2500.0,6.2,100,52.85
1-8,20,Monday,cloudy,0,2500.0,6.2,116.3,49.94
1-8,16,Wednesday,cloudy,0,2500.0,6.2,100,46.65
1-8,2,Thursday,rain,0,2500.0,6.2,100,48.69
1-8,18,Thursday,cloudy,0,2500.0,6.2,100,48.77
1-8,4,Sunday,clear,0,2500.0,6.2,100,53.56
1-8,15,Sunday,cloudy,0,2500.0,6.2,100,50.67
1-8,5,Thursday,cloudy,0,2500.0,6.2,100,55.46
1-8,7,Sunday,clear,0,2500.0,6.2,100,50.21
1-8,13,Tuesday,rain,0,2500.0,6.2,100,45.07
1-8,17,Sunday,rain,0,2500.0,6.2,100,45.86
1-8,5,Tuesday,clear,0,2500.0,6.2,100,52.75
1-8,19,Friday,clear,0,2500.0,6.2,144.51,47.1
1-8,0,Thursday,clear,0,2500.0,6.2,130.02,54.71
1-8,10,Wednesday,clear,0,2500.0,6.2,100,49.04
1-8,12,Monday,cloudy,0,2500.0,6.2,100,53.43
1-8,19,Wednesday,fog,0,2500.0,6.2,100,45.8
1-8,2,Thursday,fog,1,2500.0,6.2,100,50.88
1-8,8,Thursday,rain,0,2500.0,6.2,107.9,43.06
1-8,9,Saturday,cloudy,0,2500.0,6.2,100,48.97
1-8,23,Sunday,clear,1,2500.0,6.2,100,51.61
1-8,17,Wednesday,rain,0,2500.0,6.2,100,44.81
1-8,6,Sunday,rain,0,2500.0,6.2,105.61,48.67
1-8,15,Sunday,rain,1,2500.0,6.2,100,44.26
1-8,8,Thursday,fog,0,2500.0,6.2,100,42.27
1-8,19,Sunday,fog,1,2500.0,6.2,142.01,45.12
1-8,17,Thursday,cloudy,0,2500.0,6.2,127.85,50.07
1-8,22,Wednesday,clear,1,2500.0,6.2,135.29,55.44
1-8,15,Monday,rain,0,2500.0,6.2,100,41.17
1-8,19,Saturday,fog,0,2500.0,6.2,100,46.93
1-8,2,Wednesday,rain,0,2500.0,6.2,100,50.18
1-8,6,Tuesday,clear,0,2500.0,6.2,149.34,52.7
1-8,15,Tuesday,fog,0,2500.0,6.2,100,45.36
1-8,6,Thursday,clear,1,2500.0,6.2,100,51.56
1-8,21,Monday,fog,0,2500.0,6.2,100,50.39
1-8,18,Monday,clear,0,2500.0,6.2,100,50.41
1-8,22,Monday,fog,0,2500.0,6.2,100,47.39
1-8,11,Friday,rain,0,2500.0,6.2,107.7,49.17
1-8,22,Monday,clear,1,2500.0,6.2,100,54.81
1-8,1,Thursday,clear,1,2500.0,6.2,100,56.92
1-8,8,Saturday,rain,1,2500.0,6.2,100,43.18
1-8,2,Thursday,rain,0,2500.0,6.2,100,49.67
1-8,4,Wednesday,cloudy,1,2500.0,6.2,100,51.78
1-8,23,Tuesday,cloudy,0,2500.0,6.2,100.65,52.39
1-8,10,Thursday,rain,0,2500.0,6.2,114.1,41.1
1-8,23,Monday,clear,0,2500.0,6.2,100,56.83
1-8,6,Sunday,cloudy,0,2500.0,6.2,126.26,53.16
1-8,12,Wednesday,cloudy,1,2500.0,6.2,100,51.57
1-8,6,Saturday,clear,0,2500.0,6.2,100,54.75
1-8,13,Tuesday,cloudy,1,2500.0,6.2,100,54.06
1-8,2,Monday,fog,0,2500.0,6.2,100,50.3
1-8,18,Monday,clear,0,2500.0,6.2,100,46.9
1-8,14,Wednesday,cloudy,0,2500.0,6.2,100,53.79
1-8,15,Tuesday,rain,0,2500.0,6.2,100,44.85
1-8,20,Monday,fog,0,2500.0,6.2,119.3,49.7
1-8,4,Monday,cloudy,0,2500.0,6.2,100,54.84
1-8,0,Sunday,fog,0,2500.0,6.2,100,51.08
1-8,6,Thursday,rain,0,2500.0,6.2,124.48,49.75
1-8,2,Wednesday,cloudy,0,2500.0,6.2,144.26,55.04
1-8,23,Wednesday,cloudy,1,2500.0,6.2,100,51.99
1-8,13,Monday,rain,1,2500.0,6.2,100,49.51
1-8,16,Sunday,clear,0,2500.0,6.2,100,47.07
1-8,22,Wednesday,cloudy,1,2500.0,6.2,100,51.02
1-8,12,Saturday,rain,0,2500.0,6.2,100,50.35
1-8,15,Wednesday,cloudy,0,2500.0,6.2,100,49.77
1-8,19,Tuesday,cloudy,0,2500.0,6.2,100,45.36
1-8,23,Friday,fog,0,2500.0,6.2,100,50.36
1-8,22,Thursday,rain,0,2500.0,6.2,100,50.58
1-8,4,Wednesday,clear,0,2500.0,6.2,100,51.72
1-8,13,Thursday,rain,0,2500.0,6.2,123.18,45.35
1-8,4,Wednesday,rain,1,2500.0,6.2,133.66,46.34
1-8,19,Tuesday,rain,0,2500.0,6.2,100,41.03
1-8,20,Saturday,cloudy,1,2500.0,6.2,147.13,52.36
1-8,0,Tuesday,cloudy,0,2500.0,6.2,100,55.3
1-8,12,Sunday,rain,0,2500.0,6.2,100,46.77
1-8,15,Sunday,clear,0,2500.0,6.2,100,50.65
1-8,13,Tuesday,cloudy,0,2500.0,6.2,105.27,52.28
1-8,17,Monday,fog,0,2500.0,6.2,112.76,43.22
1-8,22,Sunday,clear,0,2500.0,6.2,100,55.18
1-8,23,Friday,clear,0,2500.0,6.2,100,53.47
1-8,10,Saturday,fog,0,2500.0,6.2,148.82,41.27
1-8,9,Tuesday,rain,0,2500.0,6.2,105.99,41.15
1-8,20,Monday,clear,1,2500.0,6.2,100,54.74
1-8,23,Thursday,clear,0,2500.0,6.2,100,55.09
1-8,21,Thursday,fog,0,2500.0,6.2,100,49.11
1-8,16,Sunday,clear,0,2500.0,6.2,137.59,48.39
1-8,5,Saturday,rain,0,2500.0,6.2,100,50.78
1-8,3,Monday,rain,0,2500.0,6.2,100,50.47
1-8,22,Saturday,rain,0,2500.0,6.2,100,47.33
1-8,2,Wednesday,rain,1,2500.0,6.2,135.6,45.75
1-8,14,Friday,cloudy,0,2500.0,6.2,100,54.45
1-8,19,Thursday,cloudy,0,2500.0,6.2,115.91,50.57
1-8,23,Monday,fog,0,2500.0,6.2,100,51.43
1-8,0,Friday,rain,0,2500.0,6.2,100,46.0
1-8,19,Saturday,fog,0,2500.0,6.2,100,47.06
2-3,22,Wednesday,cloudy,0,2800.0,5.9,100,55.48
2-3,2,Wednesday,cloudy,0,2800.0,5.9,100,51.07
2-3,19,Tuesday,clear,1,2800.0,5.9,100,49.3
2-3,11,Sunday,cloudy,1,2800.0,5.9,100,50.23
2-3,5,Tuesday,cloudy,0,2800.0,5.9,100,50.94
2-3,18,Friday,clear,1,2800.0,5.9,100,49.73
2-3,20,Sunday,cloudy,0,2800.0,5.9,116.61,53.51
2-3,15,Friday,rain,0,2800.0,5.9,140.93,44.6
2-3,6,Friday,rain,1,2800.0,5.9,100,47.17
2-3,23,Tuesday,fog,0,2800.0,5.9,100,51.44
2-3,13,Monday,rain,0,2800.0,5.9,100,47.21
2-3,5,Tuesday,fog,0,2800.0,5.9,100,49.14
2-3,12,Monday,fog,0,2800.0,5.9,100,49.17
2-3,2,Friday,rain,1,2800.0,5.9,127.87,47.79
2-3,6,Monday,fog,0,2800.0,5.9,100,50.12
2-3,2,Friday,cloudy,0,2800.0,5.9,100,55.45
2-3,12,Wednesday,clear,0,2800.0,5.9,100,55.3
2-3,23,Wednesday,clear,0,2800.0,5.9,100,52.34
2-3,10,Thursday,cloudy,1,2800.0,5.9,100,48.54
2-3,2,Saturday,cloudy,0,2800.0,5.9,100,55.96
2-3,23,Friday,rain,0,2800.0,5.9,100,47.97
2-3,2,Friday,rain,0,2800.0,5.9,100,50.35
2-3,18,Wednesday,fog,1,2800.0,5.9,100,47.02
2-3,23,Tuesday,rain,0,2800.0,5.9,100,49.98
2-3,12,Sunday,cloudy,0,2800.0,5.9,100,56.08
2-3,23,Wednesday,rain,0,2800.0,5.9,100,47.6
2-3,23,Wednesday,fog,0,2800.0,5.9,100,47.16
2-3,11,Saturday,rain,0,2800.0,5.9,100,48.78
2-3,1,Monday,rain,0,2800.0,5.9,148.68,44.79
2-3,11,Tuesday,rain,1,2800.0,5.9,137.2,45.98
2-3,22,Sunday,cloudy,1,2800.0,5.9,100,54.24
2-3,14,Sunday,fog,0,2800.0,5.9,134.83,51.55
2-3,10,Friday,fog,1,2800.0,5.9,100,45.58
2-3,9,Thursday,clear,0,2800.0,5.9,100,48.74
2-3,12,Monday,cloudy,0,2800.0,5.9,100,54.12
2-3,3,Thursday,rain,0,2800.0,5.9,100,49.06
2-3,11,Saturday,rain,1,2800.0,5.9,100,48.52
2-3,1,Thursday,cloudy,1,2800.0,5.9,100,52.78
2-3,4,Sunday,cloudy,0,2800.0,5.9,100,55.76
2-3,12,Thursday,rain,0,2800.0,5.9,100,48.78
2-3,19,Wednesday,cloudy,0,2800.0,5.9,100,50.48
2-3,21,Monday,fog,1,2800.0,5.9,100,49.26
2-3,3,Saturday,cloudy,0,2800.0,5.9,106.05,51.46
2-3,23,Monday,cloudy,0,2800.0,5.9,100,51.55
2-3,17,Sunday,cloudy,0,2800.0,5.9,100,47.97
2-3,5,Friday,fog,1,2800.0,5.9,100,47.62
2-3,0,Sunday,fog,0,2800.0,5.9,100,48.87
2-3,19,Monday,cloudy,0,2800.0,5.9,100,48.33
2-3,5,Thursday,clear,0,2800.0,5.9,100,55.69
2-3,12,Friday,clear,0,2800.0,5.9,100,54.62
2-3,3,Saturday,fog,0,2800.0,5.9,134.04,52.58
2-3,15,Friday,clear,0,2800.0,5.9,100,49.93
2-3,0,Monday,clear,1,2800.0,5.9,100,52.27
2-3,18,Tuesday,rain,0,2800.0,5.9,103.35,44.79
2-3,10,Friday,clear,0,2800.0,5.9,100,46.49
2-3,5,Monday,fog,1,2800.0,5.9,100,49.02
2-3,17,Monday,cloudy,0,2800.0,5.9,141.28,45.84
2-3,15,Tuesday,rain,1,2800.0,5.9,100,45.92
2-3,2,Thursday,cloudy,0,2800.0,5.9,100,51.06
2-3,20,Wednesday,fog,1,2800.0,5.9,148.96,48.06
2-3,9,Tuesday,cloudy,0,2800.0,5.9,100,47.37
2-3,1,Tuesday,clear,0,2800.0,5.9,100,56.5
2-3,1,Wednesday,cloudy,0,2800.0,5.9,100,51.21
2-3,12,Friday,cloudy,0,2800.0,5.9,100,51.73
2-3,9,Sunday,fog,0,2800.0,5.9,100,41.82
2-3,11,Monday,clear,0,2800.0,5.9,100,55.82
2-3,6,Thursday,clear,0,2800.0,5.9,114.95,52.77
2-3,20,Wednesday,cloudy,0,2800.0,5.9,100,51.19
2-3,14,Sunday,fog,1,2800.0,5.9,100,48.32
2-3,14,Sunday,fog,0,2800.0,5.9,100,51.96
2-3,19,Friday,rain,0,2800.0,5.9,100,43.66
2-3,20,Saturday,cloudy,0,2800.0,5.9,100,51.7
2-3,9,Sunday,clear,0,2800.0,5.9,100,46.0
2-3,14,Friday,fog,0,2800.0,5.9,121.04,51.36
2-3,5,Thursday,fog,0,2800.0,5.9,100,51.95
2-3,5,Tuesday,clear,1,2800.0,5.9,149.91,53.29
2-3,4,Monday,rain,1,2800.0,5.9,100,50.99
2-3,15,Wednesday,cloudy,1,2800.0,5.9,100,49.24
2-3,23,Saturday,fog,0,2800.0,5.9,100,49.25
2-3,23,Friday,rain,1,2800.0,5.9,100,47.77
2-3,4,Tuesday,rain,1,2800.0,5.9,100,50.76
2-3,22,Thursday,rain,1,2800.0,5.9,100,45.44
2-3,5,Tuesday,clear,0,2800.0,5.9,100,55.24
2-3,5,Saturday,rain,0,2800.0,5.9,100,48.12
2-3,1,Saturday,fog,0,2800.0,5.9,100,47.3
2-3,0,Thursday,cloudy,0,2800.0,5.9,100,53.13
2-3,10,Friday,clear,1,2800.0,5.9,100,47.06
2-3,2,Monday,fog,1,2800.0,5.9,100,48.81
2-3,4,Thursday,fog,0,2800.0,5.9,100,51.62
2-3,22,Sunday,rain,0,2800.0,5.9,100,50.26
2-3,19,Monday,cloudy,0,2800.0,5.9,100,47.56
2-3,16,Wednesday,fog,0,2800.0,5.9,100,44.17
2-3,11,Tuesday,cloudy,1,2800.0,5.9,100,54.74
2-3,11,Tuesday,fog,0,2800.0,5.9,134.73,48.07
2-3,14,Wednesday,clear,0,2800.0,5.9,100,51.64
2-3,15,Sunday,fog,0,2800.0,5.9,100,44.64
2-3,13,Thursday,rain,0,2800.0,5.9,100,46.62
2-3,6,Monday,clear,0,2800.0,5.9,100,53.91
2-3,18,Thursday,clear,0,2800.0,5.9,100,47.0
2-3,21,Wednesday,clear,0,2800.0,5.9,100,53.31
2-3,13,Tuesday,rain,0,2800.0,5.9,100,49.73
2-3,11,Saturday,rain,0,2800.0,5.9,100,46.61
2-3,23,Tuesday,cloudy,0,2800.0,5.9,100,52.37
2-3,23,Sunday,clear,1,2800.0,5.9,100,53.09
2-3,5,Wednesday,rain,0,2800.0,5.9,112.09,49.69
2-3,0,Monday,cloudy,0,2800.0,5.9,100,54.67
2-3,16,Thursday,clear,0,2800.0,5.9,100,46.83
2-3,2,Friday,rain,0,2800.0,5.9,100,47.23
2-3,15,Saturday,rain,0,2800.0,5.9,100,40.94
2-3,3,Tuesday,fog,1,2800.0,5.9,100,48.74
2-3,0,Wednesday,clear,1,2800.0,5.9,100,57.06
2-3,21,Sunday,fog,0,2800.0,5.9,100,47.28
2-3,19,Thursday,fog,0,2800.0,5.9,100,47.3
2-3,3,Sunday,fog,0,2800.0,5.9,100,48.28
2-3,13,Thursday,fog,0,2800.0,5.9,100,49.69
2-3,10,Tuesday,cloudy,0,2800.0,5.9,100,45.14
2-3,17,Thursday,fog,0,2800.0,5.9,133.29,46.46
2-3,19,Sunday,rain,0,2800.0,5.9,107.53,45.5
2-3,2,Friday,cloudy,0,2800.0,5.9,126.35,53.57
2-3,3,Saturday,rain,1,2800.0,5.9,100,50.93
2-5,2,Monday,clear,0,3200.0,4.0,100,56.91
2-5,22,Monday,rain,0,3200.0,4.0,100,49.26
2-5,8,Sunday,clear,1,3200.0,4.0,100,48.51
2-5,22,Tuesday,clear,1,3200.0,4.0,122.74,55.44
2-5,0,Friday,rain,0,3200.0,4.0,100,45.23
2-5,22,Friday,clear,0,3200.0,4.0,100,55.15
2-5,13,Monday,fog,0,3200.0,4.0,100,52.94
2-5,2,Tuesday,fog,0,3200.0,4.0,100,49.81
2-5,13,Thursday,clear,1,3200.0,4.0,120.41,56.98
2-5,9,Monday,cloudy,0,3200.0,4.0,100,47.55
2-5,9,Saturday,fog,0,3200.0,4.0,100,45.58
2-5,7,Sunday,fog,0,3200.0,4.0,100,41.76
2-5,13,Monday,cloudy,1,3200.0,4.0,100,51.25
2-5,4,Saturday,rain,1,3200.0,4.0,147.12,50.36
2-5,18,Sunday,fog,1,3200.0,4.0,100,46.89
2-5,10,Friday,fog,1,3200.0,4.0,107.85,42.53
2-5,19,Wednesday,rain,0,3200.0,4.0,100,45.62
2-5,22,Wednesday,fog,1,3200.0,4.0,131.26,47.71
2-5,7,Thursday,rain,0,3200.0,4.0,100,42.21
2-5,0,Wednesday,rain,0,3200.0,4.0,100,46.7
2-5,17,Tuesday,rain,0,3200.0,4.0,100,41.11
2-5,0,Sunday,rain,0,3200.0,4.0,100,50.73
2-5,10,Saturday,fog,0,3200.0,4.0,100,45.79
2-5,3,Monday,rain,0,3200.0,4.0,100,45.76
2-5,12,Thursday,clear,0,3200.0,4.0,100,56.09
2-5,20,Sunday,clear,1,3200.0,4.0,134.5,55.26
2-5,18,Friday,clear,0,3200.0,4.0,137.93,50.21
2-5,15,Tuesday,rain,1,3200.0,4.0,118.35,43.83
2-5,14,Tuesday,clear,0,3200.0,4.0,143.54,52.94
2-5,20,Wednesday,cloudy,0,3200.0,4.0,100,52.61
2-5,7,Sunday,cloudy,0,3200.0,4.0,144.63,45.83
2-5,18,Thursday,clear,0,3200.0,4.0,100,52.16
2-5,5,Wednesday,cloudy,0,3200.0,4.0,100,53.58
2-5,22,Saturday,clear,1,3200.0,4.0,100,56.72
2-5,19,Thursday,fog,1,3200.0,4.0,100,44.78
2-5,20,Wednesday,cloudy,0,3200.0,4.0,100,51.72
2-5,4,Monday,rain,0,3200.0,4.0,124.66,50.81
2-5,17,Monday,clear,0,3200.0,4.0,116.95,49.66
2-5,6,Tuesday,cloudy,1,3200.0,4.0,100,53.55
2-5,12,Monday,rain,1,3200.0,4.0,100,50.52
2-5,14,Wednesday,fog,0,3200.0,4.0,100,49.48
2-5,19,Friday,cloudy,0,3200.0,4.0,146.6,48.11
2-5,11,Saturday,clear,0,3200.0,4.0,100,54.98
2-5,2,Monday,cloudy,0,3200.0,4.0,100,55.01
2-5,4,Tuesday,fog,0,3200.0,4.0,100,50.89
2-5,6,Wednesday,rain,1,3200.0,4.0,100,47.45
2-5,8,Thursday,cloudy,0,3200.0,4.0,137.64,49.03
2-5,7,Thursday,fog,0,3200.0,4.0,100,44.22
2-5,4,Friday,rain,1,3200.0,4.0,100,49.13
2-5,16,Thursday,fog,0,3200.0,4.0,100,45.0
2-5,12,Thursday,rain,0,3200.0,4.0,108.34,45.99
2-5,1,Saturday,rain,0,3200.0,4.0,100,47.33
2-5,0,Friday,cloudy,0,3200.0,4.0,100,55.04
2-5,5,Friday,clear,0,3200.0,4.0,100,51.89
2-5,13,Saturday,clear,0,3200.0,4.0,120.36,55.65
2-5,13,Friday,cloudy,0,3200.0,4.0,102.38,54.52
2-5,6,Monday,rain,1,3200.0,4.0,102.47,45.23
2-5,18,Wednesday,cloudy,1,3200.0,4.0,100,49.65
2-5,3,Saturday,cloudy,0,3200.0,4.0,100,53.8
2-5,13,Saturday,fog,0,3200.0,4.0,100,53.18
2-5,23,Sunday,fog,1,3200.0,4.0,100,48.22
2-5,0,Tuesday,fog,0,3200.0,4.0,100,49.53
2-5,11,Sunday,clear,1,3200.0,4.0,100,54.73
2-5,12,Monday,cloudy,1,3200.0,4.0,100,50.67
2-5,4,Wednesday,rain,0,3200.0,4.0,100,50.22
2-5,0,Thursday,cloudy,0,3200.0,4.0,100,52.93
2-5,3,Tuesday,fog,0,3200.0,4.0,100,48.34
2-5,9,Friday,clear,1,3200.0,4.0,100,47.94
2-5,18,Thursday,cloudy,1,3200.0,4.0,100,46.12
2-5,2,Thursday,clear,0,3200.0,4.0,100,56.76
2-5,20,Sunday,fog,0,3200.0,4.0,116.65,51.5
2-5,17,Thursday,rain,0,3200.0,4.0,100,43.22
2-5,2,Friday,rain,0,3200.0,4.0,100,45.48
2-5,11,Sunday,clear,0,3200.0,4.0,118.43,53.01
2-5,11,Wednesday,fog,0,3200.0,4.0,123.5,47.55
2-5,2,Thursday,rain,0,3200.0,4.0,146.79,47.75
2-5,12,Saturday,fog,1,3200.0,4.0,100,49.08
2-5,17,Monday,rain,0,3200.0,4.0,100,41.87
2-5,18,Saturday,rain,1,3200.0,4.0,100,40.96
2-5,3,Friday,cloudy,0,3200.0,4.0,100,53.9
2-5,5,Sunday,fog,0,3200.0,4.0,100,53.01
2-5,19,Thursday,rain,0,3200.0,4.0,100,44.9
2-5,11,Monday,rain,0,3200.0,4.0,100,47.25
2-5,9,Sunday,fog,0,3200.0,4.0,100,42.0
2-5,5,Friday,fog,0,3200.0,4.0,100,52.98
2-5,18,Sunday,rain,1,3200.0,4.0,148.56,41.86
2-5,18,Saturday,rain,0,3200.0,4.0,100,43.26
2-5,20,Tuesday,cloudy,0,3200.0,4.0,100,52.19
2-5,11,Friday,rain,1,3200.0,4.0,122.58,50.72
2-5,1,Saturday,fog,0,3200.0,4.0,100,48.6
2-5,23,Sunday,clear,1,3200.0,4.0,100,54.16
2-5,18,Sunday,cloudy,1,3200.0,4.0,100,49.33
2-5,7,Monday,fog,0,3200.0,4.0,100,43.99
2-5,22,Thursday,fog,1,3200.0,4.0,100,51.58
2-5,11,Tuesday,fog,1,3200.0,4.0,100,50.8
2-5,0,Wednesday,fog,0,3200.0,4.0,100,50.11
2-5,13,Thursday,fog,0,3200.0,4.0,100,48.32
2-5,8,Monday,clear,0,3200.0,4.0,100,48.03
2-5,5,Monday,clear,0,3200.0,4.0,100,54.85
2-5,3,Monday,fog,0,3200.0,4.0,100,50.39
2-5,15,Saturday,clear,0,3200.0,4.0,100,47.76
2-5,7,Saturday,rain,1,3200.0,4.0,145.13,40.79
2-5,14,Sunday,fog,1,3200.0,4.0,100,48.53
2-5,12,Thursday,cloudy,0,3200.0,4.0,100,53.95
2-5,22,Sunday,clear,0,3200.0,4.0,117.75,53.12
2-5,20,Sunday,cloudy,1,3200.0,4.0,100,55.21
2-5,5,Tuesday,cloudy,0,3200.0,4.0,100,54.16
2-5,20,Thursday,rain,0,3200.0,4.0,100,51.04
2-5,1,Thursday,rain,0,3200.0,4.0,100,48.31
2-5,5,Tuesday,fog,0,3200.0,4.0,100,50.34
2-5,12,Wednesday,rain,0,3200.0,4.0,100,48.95
2-5,3,Tuesday,cloudy,0,3200.0,4.0,100,50.52
2-5,3,Thursday,fog,0,3200.0,4.0,100,47.86
2-5,22,Tuesday,fog,0,3200.0,4.0,100,47.32
2-5,15,Friday,rain,0,3200.0,4.0,100,43.83
2-5,5,Thursday,rain,0,3200.0,4.0,100,47.46
2-5,3,Sunday,fog,0,3200.0,4.0,144.06,49.43
2-5,3,Thursday,fog,0,3200.0,4.0,100,48.12
2-5,11,Thursday,clear,0,3200.0,4.0,100,51.35
2-5,14,Monday,fog,0,3200.0,4.0,100,49.11
3-5,7,Monday,clear,1,3500.0,6.1,100,45.38
3-5,11,Sunday,clear,1,3500.0,6.1,100,52.4
3-5,13,Monday,clear,0,3500.0,6.1,100,54.63
3-5,20,Sunday,clear,0,3500.0,6.1,100,54.52
3-5,21,Friday,cloudy,0,3500.0,6.1,100,55.2
3-5,5,Thursday,cloudy,1,3500.0,6.1,100,55.08
3-5,15,Tuesday,fog,0,3500.0,6.1,100,47.71
3-5,15,Monday,rain,0,3500.0,6.1,100,43.27
3-5,21,Thursday,cloudy,0,3500.0,6.1,100,52.0
3-5,20,Friday,rain,0,3500.0,6.1,100,49.5
3-5,1,Friday,clear,1,3500.0,6.1,100,56.84
3-5,2,Tuesday,fog,0,3500.0,6.1,100,48.92
3-5,20,Tuesday,fog,0,3500.0,6.1,100,51.5
3-5,15,Tuesday,rain,1,3500.0,6.1,100,44.32
3-5,22,Tuesday,clear,0,3500.0,6.1,100,51.41
3-5,2,Sunday,clear,0,3500.0,6.1,100,56.34
3-5,1,Monday,clear,0,3500.0,6.1,100,55.65
3-5,16,Saturday,rain,0,3500.0,6.1,100,42.35
3-5,1,Friday,rain,0,3500.0,6.1,100,48.85
3-5,13,Friday,clear,0,3500.0,6.1,100,55.39
3-5,2,Tuesday,rain,0,3500.0,6.1,100,45.38
3-5,10,Wednesday,rain,0,3500.0,6.1,100,40.43
3-5,5,Monday,cloudy,0,3500.0,6.1,100,55.41
3-5,15,Monday,fog,0,3500.0,6.1,100,46.28
3-5,14,Sunday,rain,0,3500.0,6.1,100,48.88
3-5,11,Thursday,cloudy,1,3500.0,6.1,100,55.25
3-5,0,Friday,cloudy,0,3500.0,6.1,100,54.81
3-5,15,Wednesday,fog,0,3500.0,6.1,100,44.92
3-5,3,Saturday,fog,0,3500.0,6.1,100,48.33
3-5,22,Tuesday,rain,0,3500.0,6.1,100,50.61
3-5,20,Monday,rain,0,3500.0,6.1,100,50.09
3-5,4,Monday,rain,1,3500.0,6.1,115.1,46.23
3-5,8,Monday,clear,0,3500.0,6.1,133.64,48.67
3-5,10,Saturday,clear,1,3500.0,6.1,100,50.56
3-5,8,Saturday,fog,0,3500.0,6.1,100,47.04
3-5,15,Saturday,cloudy,1,3500.0,6.1,142.37,46.77
3-5,17,Monday,rain,1,3500.0,6.1,108.86,42.05
3-5,23,Thursday,cloudy,0,3500.0,6.1,100,54.38
3-5,15,Tuesday,clear,0,3500.0,6.1,100,49.03
3-5,20,Wednesday,cloudy,0,3500.0,6.1,100,54.86
3-5,5,Thursday,rain,1,3500.0,6.1,100,48.16
3-5,12,Friday,fog,0,3500.0,6.1,100,50.89
3-5,16,Thursday,rain,0,3500.0,6.1,100,41.44
3-5,0,Wednesday,rain,1,3500.0,6.1,100,48.01
3-5,15,Wednesday,cloudy,1,3500.0,6.1,100,45.72
3-5,5,Thursday,fog,0,3500.0,6.1,100,48.77
3-5,22,Saturday,clear,0,3500.0,6.1,100,53.21
3-5,4,Thursday,rain,0,3500.0,6.1,100,49.92
3-5,4,Tuesday,cloudy,0,3500.0,6.1,100,52.59
3-5,17,Wednesday,rain,0,3500.0,6.1,117.29,41.23
3-5,2,Thursday,clear,0,3500.0,6.1,100,53.03
3-5,13,Friday,cloudy,1,3500.0,6.1,100,55.17
3-5,4,Friday,cloudy,0,3500.0,6.1,100,52.34
3-5,1,Sunday,fog,0,3500.0,6.1,100,49.94
3-5,20,Thursday,clear,0,3500.0,6.1,100,54.7
3-5,10,Sunday,clear,0,3500.0,6.1,100,45.41
3-5,11,Sunday,rain,1,3500.0,6.1,100,46.7
3-5,3,Saturday,fog,0,3500.0,6.1,100,52.75
3-5,13,Friday,cloudy,1,3500.0,6.1,100,56.0
3-5,5,Wednesday,clear,0,3500.0,6.1,100,54.28
3-5,16,Sunday,cloudy,0,3500.0,6.1,100,49.39
3-5,10,Monday,clear,0,3500.0,6.1,119.26,45.55
3-5,12,Monday,fog,0,3500.0,6.1,100,52.48
3-5,13,Saturday,cloudy,0,3500.0,6.1,100,55.32
3-5,22,Monday,rain,0,3500.0,6.1,100,48.29
3-5,19,Thursday,cloudy,0,3500.0,6.1,100,50.84
3-5,14,Sunday,clear,1,3500.0,6.1,100,56.23
3-5,15,Friday,clear,1,3500.0,6.1,100,51.47
3-5,0,Friday,rain,1,3500.0,6.1,100,45.29
3-5,7,Friday,rain,0,3500.0,6.1,100,41.04
3-5,0,Tuesday,rain,0,3500.0,6.1,100,49.92
3-5,13,Thursday,cloudy,0,3500.0,6.1,100,52.6
3-5,14,Thursday,rain,0,3500.0,6.1,100,50.28
3-5,11,Saturday,rain,0,3500.0,6.1,100,45.69
3-5,5,Sunday,fog,1,3500.0,6.1,100,50.94
3-5,12,Thursday,clear,0,3500.0,6.1,100,55.01
3-5,16,Saturday,fog,0,3500.0,6.1,100,47.35
3-5,8,Monday,cloudy,0,3500.0,6.1,100,45.33
3-5,12,Wednesday,rain,0,3500.0,6.1,118.84,45.28
3-5,3,Tuesday,cloudy,0,3500.0,6.1,100,56.17
3-5,20,Thursday,clear,0,3500.0,6.1,100,55.97
3-5,18,Friday,rain,1,3500.0,6.1,100,43.79
3-5,7,Saturday,rain,0,3500.0,6.1,100,41.6
3-5,16,Friday,rain,0,3500.0,6.1,100,44.91
3-5,20,Thursday,clear,1,3500.0,6.1,100,52.84
3-5,5,Wednesday,rain,0,3500.0,6.1,100,45.81
3-5,21,Monday,cloudy,0,3500.0,6.1,100,53.04
3-5,23,Thursday,rain,0,3500.0,6.1,114.8,50.14
3-5,11,Saturday,rain,1,3500.0,6.1,100,49.84
3-5,6,Tuesday,cloudy,0,3500.0,6.1,100,51.36
3-5,23,Wednesday,cloudy,0,3500.0,6.1,100,53.59
3-5,12,Thursday,fog,1,3500.0,6.1,119.65,47.53
3-5,19,Sunday,clear,0,3500.0,6.1,100,47.43
3-5,20,Saturday,rain,0,3500.0,6.1,100,45.4
3-5,15,Sunday,fog,1,3500.0,6.1,100,44.07
3-5,3,Tuesday,fog,1,3500.0,6.1,100,47.87
3-5,7,Wednesday,rain,0,3500.0,6.1,100,42.3
3-5,5,Saturday,cloudy,0,3500.0,6.1,100,56.08
3-5,14,Tuesday,fog,0,3500.0,6.1,100,53.23
3-5,11,Wednesday,cloudy,1,3500.0,6.1,100,55.07
3-5,12,Thursday,fog,1,3500.0,6.1,100,49.26
3-5,2,Saturday,clear,0,3500.0,6.1,100,54.17
3-5,16,Wednesday,fog,1,3500.0,6.1,100,44.77
3-5,14,Sunday,rain,0,3500.0,6.1,100,47.76
3-5,8,Saturday,clear,0,3500.0,6.1,100,50.41
3-5,5,Thursday,cloudy,1,3500.0,6.1,128.56,55.12
3-5,19,Wednesday,clear,0,3500.0,6.1,100,46.82
3-5,19,Monday,fog,0,3500.0,6.1,140.78,46.34
3-5,19,Tuesday,rain,0,3500.0,6.1,134.88,43.18
3-5,8,Thursday,rain,1,3500.0,6.1,134.49,39.07
3-5,7,Monday,clear,0,3500.0,6.1,100,48.07
3-5,13,Tuesday,clear,0,3500.0,6.1,142.63,56.94
3-5,8,Thursday,cloudy,0,3500.0,6.1,100,44.56
3-5,21,Thursday,clear,0,3500.0,6.1,100,54.23
3-5,23,Tuesday,rain,0,3500.0,6.1,100,51.09
3-5,22,Thursday,rain,0,3500.0,6.1,100,46.82
3-5,22,Thursday,clear,0,3500.0,6.1,100,55.89
3-5,8,Wednesday,cloudy,0,3500.0,6.1,100,47.45
3-5,14,Monday,cloudy,0,3500.0,6.1,100,52.49
3-5,16,Thursday,cloudy,1,3500.0,6.1,100,48.46
3-6,4,Wednesday,rain,0,2000.0,3.2,100,47.72
3-6,10,Tuesday,rain,1,2000.0,3.2,100,40.92
3-6,15,Thursday,clear,0,2000.0,3.2,100,51.48
3-6,9,Monday,rain,0,2000.0,3.2,100,41.48
3-6,9,Sunday,fog,0,2000.0,3.2,100,41.01
3-6,23,Sunday,cloudy,0,2000.0,3.2,100,51.04
3-6,13,Monday,rain,0,2000.0,3.2,129.74,44.65
3-6,9,Friday,clear,1,2000.0,3.2,100,47.84
3-6,14,Saturday,rain,0,2000.0,3.2,100,45.49
3-6,20,Tuesday,fog,0,2000.0,3.2,100,49.1
3-6,0,Monday,rain,0,2000.0,3.2,100,50.69
3-6,10,Saturday,rain,0,2000.0,3.2,100,43.49
3-6,7,Tuesday,rain,0,2000.0,3.2,100,41.34
3-6,12,Sunday,clear,0,2000.0,3.2,102.11,54.87
3-6,13,Thursday,fog,0,2000.0,3.2,100,49.44
3-6,13,Wednesday,clear,1,2000.0,3.2,100,53.91
3-6,18,Sunday,fog,0,2000.0,3.2,127.1,42.49
3-6,16,Monday,cloudy,0,2000.0,3.2,100,47.2
3-6,5,Thursday,fog,0,2000.0,3.2,100,48.63
3-6,2,Sunday,clear,0,2000.0,3.2,100,53.54
3-6,2,Friday,clear,0,2000.0,3.2,100,52.69
3-6,8,Tuesday,rain,0,2000.0,3.2,100,40.05
3-6,13,Friday,fog,0,2000.0,3.2,100,48.23
3-6,18,Sunday,fog,0,2000.0,3.2,133.31,43.02
3-6,8,Monday,rain,0,2000.0,3.2,100,44.48
3-6,21,Monday,rain,0,2000.0,3.2,100,47.81
3-6,2,Sunday,fog,0,2000.0,3.2,100,50.56
3-6,8,Wednesday,rain,0,2000.0,3.2,143.83,41.8
3-6,19,Sunday,cloudy,0,2000.0,3.2,100,50.47
3-6,21,Tuesday,rain,0,2000.0,3.2,100,49.81
3-6,7,Saturday,fog,0,2000.0,3.2,100,46.65
3-6,6,Sunday,clear,0,2000.0,3.2,100,55.12
3-6,9,Thursday,rain,0,2000.0,3.2,100,41.68
3-6,22,Sunday,fog,0,2000.0,3.2,118.62,52.44
3-6,16,Wednesday,clear,0,2000.0,3.2,124.68,45.72
3-6,20,Monday,cloudy,0,2000.0,3.2,100,52.44
3-6,2,Tuesday,fog,1,2000.0,3.2,100,47.59
3-6,12,Tuesday,clear,1,2000.0,3.2,100,52.15
3-6,22,Friday,rain,0,2000.0,3.2,100,47.26
3-6,7,Tuesday,clear,0,2000.0,3.2,125.18,45.95
3-6,18,Sunday,rain,0,2000.0,3.2,100,45.14
3-6,5,Tuesday,fog,0,2000.0,3.2,100,51.21
3-6,13,Monday,clear,1,2000.0,3.2,100,55.25
3-6,3,Saturday,rain,0,2000.0,3.2,100,49.34
3-6,0,Tuesday,rain,0,2000.0,3.2,100,48.14
3-6,7,Tuesday,clear,0,2000.0,3.2,100,48.9
3-6,21,Wednesday,rain,1,2000.0,3.2,100,47.37
3-6,17,Saturday,cloudy,1,2000.0,3.2,100,50.74
3-6,6,Saturday,cloudy,0,2000.0,3.2,119.91,51.7
3-6,9,Saturday,clear,1,2000.0,3.2,100,50.01
3-6,23,Wednesday,cloudy,1,2000.0,3.2,100,54.71
3-6,0,Tuesday,fog,0,2000.0,3.2,100,51.65
3-6,22,Sunday,rain,1,2000.0,3.2,100,46.07
3-6,10,Saturday,fog,0,2000.0,3.2,100,42.36
3-6,18,Thursday,rain,0,2000.0,3.2,100,42.4
3-6,2,Sunday,fog,1,2000.0,3.2,100,47.25
3-6,20,Wednesday,clear,0,2000.0,3.2,100,54.08
3-6,0,Thursday,clear,1,2000.0,3.2,100,55.99
3-6,19,Saturday,clear,0,2000.0,3.2,100,50.77
3-6,12,Thursday,cloudy,0,2000.0,3.2,100,51.1
3-6,6,Wednesday,fog,0,2000.0,3.2,100,51.17
3-6,11,Tuesday,clear,1,2000.0,3.2,100,53.89
3-6,14,Sunday,clear,1,2000.0,3.2,100,54.75
3-6,2,Friday,rain,0,2000.0,3.2,124.37,47.54
3-6,13,Thursday,rain,0,2000.0,3.2,100,50.13
3-6,1,Wednesday,rain,1,2000.0,3.2,100,47.78
3-6,10,Sunday,clear,0,2000.0,3.2,100,50.73
3-6,7,Thursday,clear,0,2000.0,3.2,100.77,46.26
3-6,2,Thursday,cloudy,0,2000.0,3.2,100,54.2
3-6,11,Monday,fog,0,2000.0,3.2,100,52.57
3-6,21,Thursday,clear,0,2000.0,3.2,100,56.06
3-6,17,Tuesday,fog,0,2000.0,3.2,100,45.8
3-6,22,Monday,rain,0,2000.0,3.2,100,44.75
3-6,1,Thursday,rain,0,2000.0,3.2,100,46.21
3-6,20,Friday,fog,1,2000.0,3.2,100,49.95
3-6,8,Monday,cloudy,1,2000.0,3.2,100,46.21
3-6,22,Tuesday,cloudy,0,2000.0,3.2,100,50.28
3-6,13,Sunday,fog,0,2000.0,3.2,100,47.41
3-6,9,Thursday,fog,0,2000.0,3.2,100,45.89
3-6,8,Thursday,cloudy,1,2000.0,3.2,102.97,43.96
3-6,8,Tuesday,fog,1,2000.0,3.2,100,43.0
3-6,4,Thursday,clear,0,2000.0,3.2,100,51.08
3-6,22,Wednesday,cloudy,0,2000.0,3.2,100,55.26
3-6,4,Tuesday,fog,1,2000.0,3.2,100,51.9
3-6,18,Thursday,cloudy,0,2000.0,3.2,100,48.29
3-6,15,Friday,clear,0,2000.0,3.2,100,49.95
3-6,23,Sunday,cloudy,0,2000.0,3.2,100,54.16
3-6,13,Thursday,clear,0,2000.0,3.2,100,50.76
3-6,19,Monday,clear,0,2000.0,3.2,100,47.72
3-6,14,Sunday,fog,0,2000.0,3.2,100,46.93
3-6,21,Tuesday,clear,0,2000.0,3.2,100,56.18
3-6,3,Tuesday,cloudy,0,2000.0,3.2,100,50.12
3-6,2,Monday,cloudy,0,2000.0,3.2,100,51.1
3-6,10,Sunday,cloudy,1,2000.0,3.2,100,44.58
3-6,15,Wednesday,fog,0,2000.0,3.2,147.35,41.44
3-6,5,Wednesday,fog,0,2000.0,3.2,147.06,47.55
3-6,20,Wednesday,clear,0,2000.0,3.2,100,55.25
3-6,4,Saturday,clear,1,2000.0,3.2,100,52.84
3-6,14,Tuesday,cloudy,0,2000.0,3.2,100,55.41
3-6,9,Saturday,fog,1,2000.0,3.2,100,41.01
3-6,13,Sunday,rain,0,2000.0,3.2,115.4,47.33
3-6,4,Saturday,cloudy,1,2000.0,3.2,105.33,54.7
3-6,6,Thursday,fog,1,2000.0,3.2,100,50.19
3-6,14,Friday,clear,0,2000.0,3.2,100,54.02
3-6,4,Saturday,cloudy,0,2000.0,3.2,100,50.61
3-6,5,Friday,rain,0,2000.0,3.2,130.31,46.85
3-6,6,Thursday,fog,0,2000.0,3.2,100,51.6
3-6,5,Wednesday,rain,0,2000.0,3.2,100,49.17
3-6,21,Tuesday,rain,0,2000.0,3.2,100,50.08
3-6,13,Sunday,clear,0,2000.0,3.2,100,55.04
3-6,17,Tuesday,cloudy,0,2000.0,3.2,100,46.06
3-6,10,Wednesday,fog,0,2000.0,3.2,100,42.69
3-6,1,Sunday,clear,1,2000.0,3.2,110.8,55.26
3-6,19,Friday,fog,0,2000.0,3.2,100,46.1
3-6,11,Sunday,cloudy,0,2000.0,3.2,100,51.71
3-6,2,Friday,rain,0,2000.0,3.2,126.26,48.91
3-6,21,Tuesday,clear,0,2000.0,3.2,100,53.36
3-6,11,Thursday,fog,0,2000.0,3.2,100,49.03
3-6,14,Tuesday,fog,0,2000.0,3.2,104.22,48.59
3-6,14,Sunday,cloudy,0,2000.0,3.2,100,54.5
3-9,16,Monday,fog,0,2600.0,4.5,100,45.86
3-9,2,Sunday,clear,0,2600.0,4.5,100,52.15
3-9,12,Wednesday,cloudy,0,2600.0,4.5,100,54.47
3-9,5,Thursday,clear,0,2600.0,4.5,100,53.47
3-9,0,Tuesday,rain,0,2600.0,4.5,109.28,50.07
3-9,15,Wednesday,rain,0,2600.0,4.5,100,40.33
3-9,8,Monday,rain,0,2600.0,4.5,100,44.81
3-9,1,Wednesday,rain,0,2600.0,4.5,100,50.56
3-9,10,Sunday,fog,0,2600.0,4.5,100,42.79
3-9,21,Sunday,clear,0,2600.0,4.5,100,53.65
3-9,5,Thursday,cloudy,0,2600.0,4.5,100,54.04
3-9,15,Sunday,cloudy,1,2600.0,4.5,100,50.25
3-9,17,Tuesday,clear,0,2600.0,4.5,121.25,48.91
3-9,4,Monday,clear,0,2600.0,4.5,100,53.93
3-9,17,Thursday,clear,0,2600.0,4.5,100,49.16
3-9,21,Thursday,clear,0,2600.0,4.5,100,53.26
3-9,17,Thursday,clear,0,2600.0,4.5,100,50.16
3-9,5,Sunday,clear,1,2600.0,4.5,100,55.12
3-9,7,Thursday,clear,1,2600.0,4.5,100,46.27
3-9,9,Monday,clear,0,2600.0,4.5,100,47.28
3-9,22,Saturday,fog,0,2600.0,4.5,100,47.1
3-9,6,Saturday,fog,1,2600.0,4.5,107.72,51.82
3-9,18,Friday,cloudy,1,2600.0,4.5,116.26,46.59
3-9,22,Monday,rain,0,2600.0,4.5,136.21,46.79
3-9,6,Thursday,fog,1,2600.0,4.5,120.49,47.31
3-9,15,Wednesday,rain,1,2600.0,4.5,100,43.04
3-9,14,Tuesday,rain,0,2600.0,4.5,109.01,50.25
3-9,8,Friday,fog,0,2600.0,4.5,100,42.41
3-9,7,Tuesday,cloudy,0,2600.0,4.5,100,46.89
3-9,19,Saturday,fog,0,2600.0,4.5,100,44.83
3-9,9,Wednesday,fog,0,2600.0,4.5,100,41.75
3-9,22,Thursday,rain,0,2600.0,4.5,100,46.28
3-9,3,Monday,clear,1,2600.0,4.5,100,54.72
3-9,6,Friday,cloudy,0,2600.0,4.5,100,50.97
3-9,13,Sunday,rain,0,2600.0,4.5,101.23,47.99
3-9,9,Saturday,rain,0,2600.0,4.5,100,43.9
3-9,11,Thursday,fog,1,2600.0,4.5,100,48.74
3-9,23,Monday,clear,1,2600.0,4.5,100,55.94
3-9,1,Sunday,rain,0,2600.0,4.5,100,48.9
3-9,10,Wednesday,clear,0,2600.0,4.5,123.14,47.22
3-9,6,Friday,clear,1,2600.0,4.5,100,55.2
3-9,18,Sunday,cloudy,0,2600.0,4.5,100,51.02
3-9,0,Thursday,cloudy,1,2600.0,4.5,100,54.27
3-9,13,Friday,fog,0,2600.0,4.5,100,48.41
3-9,6,Friday,clear,0,2600.0,4.5,100,56.14
3-9,20,Friday,clear,1,2600.0,4.5,100,54.91
3-9,2,Wednesday,rain,1,2600.0,4.5,112.9,46.27
3-9,12,Sunday,clear,0,2600.0,4.5,100,52.07
3-9,9,Monday,clear,0,2600.0,4.5,100,50.96
3-9,14,Sunday,fog,0,2600.0,4.5,113.73,47.86
3-9,3,Thursday,cloudy,0,2600.0,4.5,114.67,55.28
3-9,10,Sunday,rain,0,2600.0,4.5,146.04,39.75
3-9,21,Saturday,clear,0,2600.0,4.5,100,53.83
3-9,5,Tuesday,fog,0,2600.0,4.5,100,52.53
3-9,2,Monday,fog,0,2600.0,4.5,143.24,48.48
3-9,12,Wednesday,cloudy,0,2600.0,4.5,100,55.54
3-9,11,Sunday,fog,1,2600.0,4.5,105.19,47.25
3-9,3,Saturday,fog,0,2600.0,4.5,100,48.98
3-9,6,Saturday,fog,0,2600.0,4.5,100,52.83
3-9,19,Sunday,clear,0,2600.0,4.5,100,49.43
3-9,3,Wednesday,clear,1,2600.0,4.5,100,51.72
3-9,14,Saturday,fog,0,2600.0,4.5,100,51.68
3-9,2,Friday,fog,0,2600.0,4.5,100,47.6
3-9,7,Wednesday,cloudy,0,2600.0,4.5,100,47.57
3-9,11,Monday,fog,1,2600.0,4.5,100,47.74
3-9,6,Thursday,cloudy,0,2600.0,4.5,100,50.07
3-9,5,Saturday,cloudy,0,2600.0,4.5,100,53.38
3-9,20,Monday,rain,0,2600.0,4.5,100,50.73
3-9,11,Saturday,cloudy,1,2600.0,4.5,100,52.73
3-9,18,Friday,fog,0,2600.0,4.5,100,43.4
3-9,22,Sunday,rain,0,2600.0,4.5,143.72,45.03
3-9,4,Saturday,clear,0,2600.0,4.5,100,52.26
3-9,3,Tuesday,clear,0,2600.0,4.5,100,52.48
3-9,14,Friday,rain,0,2600.0,4.5,100,48.6
3-9,17,Thursday,rain,0,2600.0,4.5,100,44.24
3-9,14,Monday,rain,1,2600.0,4.5,100,46.6
3-9,6,Saturday,clear,0,2600.0,4.5,149.12,52.56
3-9,15,Thursday,rain,1,2600.0,4.5,100,42.92
3-9,12,Tuesday,clear,0,2600.0,4.5,100,53.46
3-9,12,Friday,fog,0,2600.0,4.5,100,51.9
3-9,20,Thursday,rain,0,2600.0,4.5,121.91,46.64
3-9,19,Tuesday,rain,1,2600.0,4.5,100,41.5
3-9,8,Monday,cloudy,0,2600.0,4.5,100,44.43
3-9,19,Wednesday,cloudy,0,2600.0,4.5,100,46.88
3-9,15,Saturday,clear,0,2600.0,4.5,100,47.19
3-9,5,Monday,clear,0,2600.0,4.5,100,51.92
3-9,14,Tuesday,cloudy,0,2600.0,4.5,100,51.79
3-9,23,Sunday,rain,0,2600.0,4.5,100,50.68
3-9,15,Friday,fog,0,2600.0,4.5,100,42.08
3-9,1,Sunday,clear,1,2600.0,4.5,100,51.46
3-9,20,Monday,clear,0,2600.0,4.5,100,55.88
3-9,4,Thursday,fog,0,2600.0,4.5,100,48.97
3-9,16,Thursday,rain,0,2600.0,4.5,100,44.49
3-9,16,Wednesday,rain,0,2600.0,4.5,100,40.92
3-9,15,Saturday,clear,1,2600.0,4.5,106.58,48.11
3-9,7,Sunday,fog,0,2600.0,4.5,116.23,42.24
3-9,10,Friday,cloudy,0,2600.0,4.5,100,48.28
3-9,17,Monday,clear,1,2600.0,4.5,100,51.33
3-9,18,Saturday,clear,0,2600.0,4.5,100,49.53
3-9,2,Monday,clear,0,2600.0,4.5,100,53.7
3-9,10,Wednesday,cloudy,0,2600.0,4.5,100,48.44
3-9,17,Sunday,clear,1,2600.0,4.5,100,48.69
3-9,7,Thursday,cloudy,0,2600.0,4.5,100,44.88
3-9,2,Friday,cloudy,0,2600.0,4.5,117.89,51.52
3-9,1,Tuesday,rain,0,2600.0,4.5,126.73,45.77
3-9,4,Thursday,clear,0,2600.0,4.5,100,52.83
3-9,7,Saturday,fog,0,2600.0,4.5,100,45.71
3-9,7,Thursday,fog,1,2600.0,4.5,100,44.29
3-9,18,Monday,cloudy,1,2600.0,4.5,133.39,48.49
3-9,0,Wednesday,clear,0,2600.0,4.5,146.26,55.47
3-9,10,Saturday,cloudy,0,2600.0,4.5,100,47.64
3-9,20,Tuesday,clear,0,2600.0,4.5,100,52.99
3-9,20,Wednesday,cloudy,0,2600.0,4.5,100,50.36
3-9,6,Wednesday,fog,0,2600.0,4.5,100,52.95
3-9,18,Sunday,rain,0,2600.0,4.5,100,41.79
3-9,18,Wednesday,rain,0,2600.0,4.5,100,42.82
3-9,8,Friday,fog,0,2600.0,4.5,100,41.06
3-9,16,Sunday,rain,0,2600.0,4.5,100,42.12
3-9,16,Saturday,rain,0,2600.0,4.5,120.72,45.68
3-9,8,Friday,cloudy,0,2600.0,4.5,100,46.5
3-10,21,Thursday,rain,0,2400.0,3.8,100,50.4
3-10,21,Sunday,clear,0,2400.0,3.8,100,54.84
3-10,10,Wednesday,fog,0,2400.0,3.8,100,42.25
3-10,13,Wednesday,fog,0,2400.0,3.8,100,47.61
3-10,7,Saturday,cloudy,0,2400.0,3.8,100,49.95
3-10,8,Saturday,rain,0,2400.0,3.8,100,40.58
3-10,2,Tuesday,cloudy,0,2400.0,3.8,100,51.42
3-10,18,Sunday,clear,0,2400.0,3.8,100,47.55
3-10,8,Friday,cloudy,0,2400.0,3.8,100,46.38
3-10,16,Sunday,rain,0,2400.0,3.8,100,42.26
3-10,23,Saturday,clear,0,2400.0,3.8,100,52.34
3-10,8,Saturday,fog,0,2400.0,3.8,100,43.09
3-10,12,Monday,rain,1,2400.0,3.8,100,46.71
3-10,11,Sunday,clear,0,2400.0,3.8,100,53.25
3-10,20,Friday,fog,0,2400.0,3.8,138.29,51.43
3-10,23,Saturday,cloudy,0,2400.0,3.8,137.51,54.71
3-10,11,Saturday,rain,0,2400.0,3.8,100,47.43
3-10,9,Wednesday,clear,0,2400.0,3.8,100,45.43
3-10,8,Monday,cloudy,1,2400.0,3.8,100,48.04
3-10,21,Thursday,clear,0,2400.0,3.8,100,56.03
3-10,23,Friday,fog,0,2400.0,3.8,100,49.4
3-10,21,Thursday,rain,0,2400.0,3.8,100,45.57
3-10,21,Thursday,rain,0,2400.0,3.8,100,45.1
3-10,19,Wednesday,cloudy,0,2400.0,3.8,100,48.98
3-10,20,Monday,clear,0,2400.0,3.8,100,56.88
3-10,4,Tuesday,clear,0,2400.0,3.8,100,51.86
3-10,3,Thursday,clear,1,2400.0,3.8,100,53.9
3-10,11,Wednesday,cloudy,0,2400.0,3.8,100,53.9
3-10,14,Saturday,rain,0,2400.0,3.8,100,45.49
3-10,20,Monday,clear,0,2400.0,3.8,100,53.33
3-10,22,Wednesday,fog,0,2400.0,3.8,100,49.74
3-10,0,Tuesday,clear,0,2400.0,3.8,100,54.59
3-10,4,Sunday,rain,1,2400.0,3.8,100,45.24
3-10,22,Thursday,fog,1,2400.0,3.8,100,50.38
3-10,5,Saturday,fog,0,2400.0,3.8,100,50.75
3-10,21,Thursday,cloudy,1,2400.0,3.8,100,52.57
3-10,22,Wednesday,fog,0,2400.0,3.8,131.83,50.26
3-10,2,Thursday,clear,1,2400.0,3.8,100,52.96
3-10,3,Wednesday,clear,0,2400.0,3.8,100,56.8
3-10,22,Wednesday,cloudy,0,2400.0,3.8,100,52.58
3-10,13,Wednesday,rain,0,2400.0,3.8,100,46.07
3-10,8,Sunday,cloudy,1,2400.0,3.8,100,44.41
3-10,21,Friday,clear,0,2400.0,3.8,100,52.87
3-10,2,Thursday,fog,0,2400.0,3.8,100,47.85
3-10,23,Monday,fog,0,2400.0,3.8,100,50.49
3-10,6,Thursday,cloudy,1,2400.0,3.8,100,53.33
3-10,20,Saturday,fog,0,2400.0,3.8,100,48.34
3-10,14,Sunday,rain,0,2400.0,3.8,115.35,47.58
3-10,1,Friday,clear,0,2400.0,3.8,100,51.72
3-10,13,Sunday,rain,1,2400.0,3.8,148.62,47.67
3-10,15,Sunday,cloudy,0,2400.0,3.8,100,46.46
3-10,18,Tuesday,clear,0,2400.0,3.8,100,51.0
3-10,11,Tuesday,clear,0,2400.0,3.8,100,53.59
3-10,0,Wednesday,clear,0,2400.0,3.8,100,53.59
3-10,15,Tuesday,rain,1,2400.0,3.8,100,42.05
3-10,5,Saturday,clear,1,2400.0,3.8,100,53.11
3-10,23,Friday,cloudy,0,2400.0,3.8,100,50.74
3-10,15,Friday,fog,0,2400.0,3.8,100,42.8
3-10,1,Monday,fog,1,2400.0,3.8,100,51.78
3-10,14,Sunday,cloudy,1,2400.0,3.8,100,52.53
3-10,21,Tuesday,cloudy,0,2400.0,3.8,100,51.35
3-10,1,Wednesday,rain,0,2400.0,3.8,100,50.85
3-10,20,Tuesday,clear,1,2400.0,3.8,104.58,52.4
3-10,17,Monday,cloudy,0,2400.0,3.8,100,49.67
3-10,14,Sunday,rain,0,2400.0,3.8,100,50.47
3-10,13,Wednesday,cloudy,1,2400.0,3.8,100,53.19
3-10,6,Tuesday,cloudy,1,2400.0,3.8,141.18,54.54
3-10,11,Tuesday,clear,0,2400.0,3.8,100,56.25
3-10,5,Wednesday,cloudy,0,2400.0,3.8,133.27,52.47
3-10,13,Friday,clear,1,2400.0,3.8,100,53.6
3-10,21,Sunday,fog,0,2400.0,3.8,100,50.4
3-10,5,Saturday,rain,0,2400.0,3.8,100,45.2
3-10,22,Thursday,cloudy,1,2400.0,3.8,100,50.57
3-10,0,Friday,rain,0,2400.0,3.8,134.06,49.21
3-10,12,Wednesday,rain,0,2400.0,3.8,100,50.37
3-10,9,Tuesday,rain,0,2400.0,3.8,100,42.99
3-10,21,Wednesday,cloudy,1,2400.0,3.8,100,50.49
3-10,11,Monday,cloudy,0,2400.0,3.8,100,52.18
3-10,10,Monday,cloudy,0,2400.0,3.8,100,46.06
3-10,19,Tuesday,clear,1,2400.0,3.8,100,47.04
3-10,5,Saturday,cloudy,0,2400.0,3.8,100,54.92
3-10,5,Wednesday,fog,0,2400.0,3.8,100,50.29
3-10,22,Saturday,fog,0,2400.0,3.8,100,52.76
3-10,11,Sunday,clear,0,2400.0,3.8,100,55.1
3-10,23,Saturday,fog,0,2400.0,3.8,100,47.63
3-10,19,Friday,clear,0,2400.0,3.8,100,49.88
3-10,15,Saturday,rain,0,2400.0,3.8,100,42.38
3-10,15,Saturday,fog,0,2400.0,3.8,101.82,44.9
3-10,18,Tuesday,fog,0,2400.0,3.8,100,45.05
3-10,11,Friday,clear,0,2400.0,3.8,100,52.33
3-10,18,Thursday,cloudy,1,2400.0,3.8,100,45.01
3-10,13,Tuesday,fog,0,2400.0,3.8,100,52.18
3-10,19,Saturday,fog,0,2400.0,3.8,100,45.8
3-10,0,Saturday,cloudy,1,2400.0,3.8,100,50.32
3-10,20,Thursday,clear,0,2400.0,3.8,141.69,51.51
3-10,14,Friday,cloudy,1,2400.0,3.8,100,53.64
3-10,4,Wednesday,clear,1,2400.0,3.8,117.46,53.16
3-10,0,Thursday,cloudy,0,2400.0,3.8,100,50.94
3-10,20,Friday,rain,0,2400.0,3.8,100,50.16
3-10,19,Monday,cloudy,0,2400.0,3.8,100,49.54
3-10,0,Wednesday,rain,0,2400.0,3.8,100,49.59
3-10,0,Friday,rain,0,2400.0,3.8,100,49.17
3-10,20,Wednesday,fog,0,2400.0,3.8,100,47.03
3-10,4,Friday,cloudy,1,2400.0,3.8,100,50.67
3-10,16,Saturday,rain,0,2400.0,3.8,100,44.45
3-10,12,Saturday,fog,0,2400.0,3.8,100,48.99
3-10,20,Wednesday,clear,0,2400.0,3.8,100,55.38
3-10,17,Sunday,cloudy,0,2400.0,3.8,100,50.51
3-10,20,Thursday,fog,0,2400.0,3.8,132.41,50.87
3-10,8,Monday,clear,0,2400.0,3.8,100,49.61
3-10,13,Wednesday,clear,0,2400.0,3.8,100,52.03
3-10,22,Monday,rain,0,2400.0,3.8,100,46.5
3-10,16,Wednesday,rain,0,2400.0,3.8,100,40.31
3-10,15,Thursday,rain,1,2400.0,3.8,100,43.42
3-10,20,Tuesday,cloudy,0,2400.0,3.8,104.61,53.72
3-10,22,Friday,fog,0,2400.0,3.8,116.63,50.11
3-10,0,Sunday,fog,1,2400.0,3.8,100,50.97
3-10,0,Friday,rain,1,2400.0,3.8,100,46.16
3-10,4,Sunday,cloudy,0,2400.0,3.8,100,51.42
3-10,5,Thursday,fog,0,2400.0,3.8,128.88,48.53
4-2,5,Tuesday,cloudy,0,3800.0,15.2,100,53.72
4-2,5,Monday,rain,0,3800.0,15.2,100,49.2
4-2,5,Wednesday,cloudy,0,3800.0,15.2,100,53.84
4-2,20,Monday,clear,1,3800.0,15.2,100,55.99
4-2,7,Thursday,fog,0,3800.0,15.2,100,44.8
4-2,11,Tuesday,clear,1,3800.0,15.2,100,52.98
4-2,8,Monday,rain,0,3800.0,15.2,100,44.0
4-2,7,Tuesday,clear,1,3800.0,15.2,100,45.74
4-2,22,Sunday,fog,0,3800.0,15.2,100,52.62
4-2,15,Tuesday,clear,0,3800.0,15.2,100,49.78
4-2,2,Wednesday,cloudy,0,3800.0,15.2,100,52.29
4-2,21,Tuesday,clear,1,3800.0,15.2,100,57.04
4-2,17,Tuesday,clear,0,3800.0,15.2,100,50.72
4-2,8,Tuesday,fog,0,3800.0,15.2,100,44.55
4-2,7,Thursday,clear,0,3800.0,15.2,100,47.18
4-2,12,Thursday,rain,0,3800.0,15.2,100,46.66
4-2,16,Tuesday,clear,0,3800.0,15.2,100,48.56
4-2,19,Friday,fog,0,3800.0,15.2,100,47.94
4-2,11,Monday,rain,1,3800.0,15.2,121.43,48.13
4-2,1,Sunday,cloudy,0,3800.0,15.2,100,51.85
4-2,0,Tuesday,clear,1,3800.0,15.2,100,56.96
4-2,1,Monday,clear,0,3800.0,15.2,100,51.5
4-2,1,Tuesday,rain,0,3800.0,15.2,117.98,47.82
4-2,21,Friday,clear,0,3800.0,15.2,100,52.2
4-2,23,Wednesday,clear,0,3800.0,15.2,100,54.24
4-2,7,Friday,fog,0,3800.0,15.2,100,41.58
4-2,19,Wednesday,fog,0,3800.0,15.2,100,43.88
4-2,4,Monday,fog,0,3800.0,15.2,100,47.6
4-2,15,Monday,cloudy,1,3800.0,15.2,100,48.02
4-2,0,Thursday,fog,0,3800.0,15.2,119.15,52.61
4-2,13,Tuesday,clear,0,3800.0,15.2,100,56.65
4-2,10,Saturday,clear,1,3800.0,15.2,100,45.49
4-2,12,Friday,fog,0,3800.0,15.2,100,52.56
4-2,3,Friday,clear,0,3800.0,15.2,141.9,55.35
4-2,5,Saturday,clear,1,3800.0,15.2,100,57.01
4-2,22,Saturday,fog,1,3800.0,15.2,100,52.2
4-2,21,Monday,clear,0,3800.0,15.2,100,53.44
4-2,9,Monday,cloudy,0,3800.0,15.2,100,49.08
4-2,21,Sunday,fog,0,3800.0,15.2,100,50.15
4-2,1,Wednesday,clear,0,3800.0,15.2,100,51.9
4-2,17,Monday,fog,0,3800.0,15.2,100,43.35
4-2,14,Monday,rain,0,3800.0,15.2,100,51.24
4-2,23,Monday,cloudy,1,3800.0,15.2,100,53.61
4-2,16,Sunday,cloudy,0,3800.0,15.2,100,49.66
4-2,13,Thursday,cloudy,1,3800.0,15.2,100,55.07
4-2,7,Sunday,rain,1,3800.0,15.2,100,41.45
4-2,20,Monday,clear,0,3800.0,15.2,100,52.32
4-2,17,Friday,rain,1,3800.0,15.2,100,43.94
4-2,2,Thursday,fog,1,3800.0,15.2,100,52.02
4-2,23,Thursday,fog,0,3800.0,15.2,100,52.81
4-2,4,Monday,rain,1,3800.0,15.2,100,46.48
4-2,16,Sunday,clear,0,3800.0,15.2,100,48.17
4-2,16,Wednesday,clear,0,3800.0,15.2,100,50.37
4-2,13,Saturday,cloudy,1,3800.0,15.2,131.04,52.07
4-2,19,Sunday,rain,0,3800.0,15.2,100,43.77
4-2,22,Sunday,rain,0,3800.0,15.2,100,48.94
4-2,3,Wednesday,fog,0,3800.0,15.2,100,48.69
4-2,20,Tuesday,fog,0,3800.0,15.2,100,53.09
4-2,1,Sunday,cloudy,0,3800.0,15.2,100,50.93
4-2,13,Monday,cloudy,1,3800.0,15.2,100,53.95
4-2,1,Saturday,cloudy,0,3800.0,15.2,100,51.18
4-2,17,Saturday,rain,0,3800.0,15.2,100,40.96
4-2,19,Saturday,fog,0,3800.0,15.2,101.43,46.69
4-2,10,Sunday,fog,1,3800.0,15.2,119.24,43.92
4-2,23,Friday,cloudy,0,3800.0,15.2,100,55.25
4-2,19,Wednesday,rain,1,3800.0,15.2,100,41.08
4-2,9,Sunday,fog,1,3800.0,15.2,100,45.51
4-2,16,Sunday,cloudy,1,3800.0,15.2,125.21,45.72
4-2,8,Friday,cloudy,0,3800.0,15.2,100,48.32
4-2,22,Tuesday,fog,0,3800.0,15.2,100,50.21
4-2,16,Friday,rain,0,3800.0,15.2,100,43.75
4-2,17,Tuesday,clear,0,3800.0,15.2,100,51.45
4-2,23,Thursday,fog,0,3800.0,15.2,100,47.86
4-2,6,Thursday,clear,0,3800.0,15.2,100,54.2
4-2,0,Tuesday,clear,0,3800.0,15.2,118.51,53.34
4-2,13,Sunday,rain,0,3800.0,15.2,120.62,48.8
4-2,13,Tuesday,cloudy,1,3800.0,15.2,100,56.14
4-2,3,Sunday,clear,0,3800.0,15.2,100,52.39
4-2,13,Thursday,clear,0,3800.0,15.2,100,53.13
4-2,23,Wednesday,cloudy,0,3800.0,15.2,100,54.01
4-2,16,Tuesday,fog,0,3800.0,15.2,100,42.75
4-2,9,Sunday,rain,0,3800.0,15.2,100,45.21
4-2,20,Friday,fog,1,3800.0,15.2,100,50.63
4-2,5,Sunday,cloudy,0,3800.0,15.2,100,52.69
4-2,11,Wednesday,cloudy,0,3800.0,15.2,100,51.05
4-2,9,Friday,fog,0,3800.0,15.2,146.98,45.56
4-2,0,Friday,rain,0,3800.0,15.2,100,47.27
4-2,5,Sunday,fog,0,3800.0,15.2,100,51.02
4-2,4,Sunday,cloudy,0,3800.0,15.2,125.32,54.62
4-2,16,Wednesday,clear,0,3800.0,15.2,100,51.79
4-2,19,Wednesday,cloudy,0,3800.0,15.2,100,50.69
4-2,6,Tuesday,fog,0,3800.0,15.2,124.91,48.0
4-2,5,Friday,fog,1,3800.0,15.2,100,52.14
4-2,10,Friday,clear,0,3800.0,15.2,100,45.73
4-2,3,Saturday,clear,0,3800.0,15.2,100,52.04
4-2,11,Monday,cloudy,1,3800.0,15.2,128.38,54.65
4-2,7,Thursday,fog,1,3800.0,15.2,108.37,45.78
4-2,15,Sunday,rain,0,3800.0,15.2,100,45.58
4-2,14,Friday,fog,1,3800.0,15.2,100,48.98
4-2,11,Friday,rain,1,3800.0,15.2,100,49.36
4-2,10,Saturday,fog,0,3800.0,15.2,100,45.58
4-2,3,Sunday,rain,0,3800.0,15.2,100,50.06
4-2,21,Thursday,cloudy,0,3800.0,15.2,111.49,51.05
4-2,23,Thursday,cloudy,1,3800.0,15.2,100,56.02
4-2,23,Sunday,clear,0,3800.0,15.2,130.83,56.87
4-2,13,Sunday,fog,0,3800.0,15.2,100,51.63
4-2,18,Wednesday,fog,0,3800.0,15.2,100,45.68
4-2,8,Thursday,rain,0,3800.0,15.2,100,40.05
4-2,4,Thursday,fog,0,3800.0,15.2,100,49.04
4-2,1,Wednesday,clear,0,3800.0,15.2,100,52.15
4-2,1,Tuesday,rain,0,3800.0,15.2,100,46.07
4-2,6,Friday,fog,0,3800.0,15.2,100,47.9
4-2,7,Saturday,cloudy,0,3800.0,15.2,137.11,47.84
4-2,15,Thursday,clear,0,3800.0,15.2,100,50.39
4-2,10,Monday,rain,1,3800.0,15.2,100,42.46
4-2,15,Friday,cloudy,1,3800.0,15.2,100,46.01
4-2,8,Friday,clear,1,3800.0,15.2,101.03,48.7
4-2,3,Tuesday,fog,0,3800.0,15.2,100,48.55
4-2,10,Saturday,rain,1,3800.0,15.2,100,41.38
4-2,13,Tuesday,rain,0,3800.0,15.2,148.14,48.9
4-14,23,Tuesday,fog,0,3000.0,5.3,100,48.73
4-14,17,Thursday,cloudy,0,3000.0,5.3,100,47.82
4-14,21,Sunday,fog,1,3000.0,5.3,100,48.69
4-14,12,Friday,clear,0,3000.0,5.3,100,55.51
4-14,10,Monday,cloudy,0,3000.0,5.3,100,44.97
4-14,2,Tuesday,cloudy,0,3000.0,5.3,100,53.94
4-14,23,Wednesday,fog,0,3000.0,5.3,100,50.78
4-14,5,Thursday,fog,0,3000.0,5.3,100,48.76
4-14,8,Saturday,cloudy,0,3000.0,5.3,100,45.49
4-14,22,Saturday,fog,0,3000.0,5.3,119.87,51.93
4-14,11,Sunday,rain,1,3000.0,5.3,100,46.36
4-14,19,Friday,clear,1,3000.0,5.3,100,51.57
4-14,16,Saturday,rain,0,3000.0,5.3,100,40.73
4-14,20,Wednesday,fog,1,3000.0,5.3,100,51.11
4-14,9,Sunday,clear,0,3000.0,5.3,135.32,47.2
4-14,17,Monday,cloudy,0,3000.0,5.3,100,45.89
4-14,9,Tuesday,cloudy,0,3000.0,5.3,100,47.33
4-14,19,Sunday,clear,0,3000.0,5.3,100,48.23
4-14,10,Sunday,clear,0,3000.0,5.3,111.94,45.41
4-14,2,Sunday,cloudy,0,3000.0,5.3,100,51.23
4-14,15,Wednesday,cloudy,0,3000.0,5.3,100,48.43
4-14,13,Tuesday,fog,0,3000.0,5.3,100,50.3
4-14,20,Sunday,clear,1,3000.0,5.3,100,51.64
4-14,19,Thursday,cloudy,1,3000.0,5.3,100,46.9
4-14,1,Wednesday,clear,0,3000.0,5.3,100,51.55
4-14,0,Tuesday,rain,0,3000.0,5.3,119.91,47.5
4-14,7,Wednesday,clear,1,3000.0,5.3,100,47.82
4-14,12,Tuesday,rain,1,3000.0,5.3,100,46.27
4-14,4,Tuesday,clear,1,3000.0,5.3,100,55.33
4-14,17,Saturday,fog,1,3000.0,5.3,100,46.05
4-14,10,Sunday,rain,0,3000.0,5.3,100,44.22
4-14,0,Friday,cloudy,0,3000.0,5.3,100,53.57
4-14,18,Monday,clear,0,3000.0,5.3,127.51,51.91
4-14,16,Saturday,fog,0,3000.0,5.3,100,43.45
4-14,15,Wednesday,fog,0,3000.0,5.3,100,45.86
4-14,22,Friday,fog,0,3000.0,5.3,100,49.75
4-14,0,Thursday,cloudy,0,3000.0,5.3,124.48,52.48
4-14,14,Friday,cloudy,0,3000.0,5.3,100,55.3
4-14,21,Friday,rain,0,3000.0,5.3,100,45.73
4-14,2,Monday,cloudy,0,3000.0,5.3,100,52.71
4-14,19,Wednesday,cloudy,0,3000.0,5.3,100,45.34
4-14,21,Thursday,rain,1,3000.0,5.3,100,49.67
4-14,23,Thursday,fog,0,3000.0,5.3,118.92,47.5
4-14,9,Sunday,rain,0,3000.0,5.3,100,41.75
4-14,21,Friday,cloudy,0,3000.0,5.3,102.95,55.59
4-14,6,Friday,cloudy,1,3000.0,5.3,100,50.89
4-14,12,Tuesday,rain,0,3000.0,5.3,104.07,49.39
4-14,12,Sunday,cloudy,0,3000.0,5.3,100,52.91
4-14,11,Saturday,rain,0,3000.0,5.3,100,46.67
4-14,16,Wednesday,clear,0,3000.0,5.3,100,47.35
4-14,22,Thursday,cloudy,1,3000.0,5.3,100,52.12
4-14,18,Sunday,cloudy,0,3000.0,5.3,100,50.41
4-14,9,Tuesday,fog,1,3000.0,5.3,100,43.32
4-14,18,Wednesday,rain,0,3000.0,5.3,100,40.67
4-14,21,Friday,fog,0,3000.0,5.3,100,47.8
4-14,8,Sunday,cloudy,1,3000.0,5.3,100,48.78
4-14,11,Tuesday,cloudy,0,3000.0,5.3,100,55.23
4-14,5,Wednesday,cloudy,0,3000.0,5.3,100,50.57
4-14,13,Thursday,fog,0,3000.0,5.3,100,48.39
4-14,5,Thursday,rain,1,3000.0,5.3,100,45.59
4-14,6,Friday,cloudy,0,3000.0,5.3,100,54.57
4-14,18,Wednesday,fog,1,3000.0,5.3,100,46.0
4-14,13,Sunday,fog,0,3000.0,5.3,100,48.06
4-14,10,Friday,clear,0,3000.0,5.3,100,45.89
4-14,1,Thursday,cloudy,0,3000.0,5.3,100,51.87
4-14,5,Thursday,rain,0,3000.0,5.3,100,51.03
4-14,11,Friday,rain,0,3000.0,5.3,100,49.1
4-14,15,Thursday,rain,1,3000.0,5.3,100,43.65
4-14,8,Thursday,cloudy,0,3000.0,5.3,100,45.24
4-14,18,Sunday,fog,0,3000.0,5.3,100,44.5
4-14,15,Thursday,cloudy,0,3000.0,5.3,130.35,48.03
4-14,6,Saturday,fog,0,3000.0,5.3,100,50.54
4-14,17,Monday,fog,0,3000.0,5.3,100,47.22
4-14,10,Sunday,rain,0,3000.0,5.3,100,43.39
4-14,22,Thursday,rain,0,3000.0,5.3,100,48.44
4-14,8,Wednesday,rain,1,3000.0,5.3,100,42.89
4-14,6,Monday,clear,1,3000.0,5.3,100,54.94
4-14,20,Monday,rain,0,3000.0,5.3,123.21,48.72
4-14,19,Sunday,rain,0,3000.0,5.3,116.72,41.62
4-14,21,Monday,cloudy,0,3000.0,5.3,100,51.83
4-14,9,Wednesday,rain,0,3000.0,5.3,100,41.25
4-14,18,Tuesday,rain,0,3000.0,5.3,100,45.75
4-14,12,Wednesday,cloudy,0,3000.0,5.3,100,52.65
4-14,0,Saturday,rain,0,3000.0,5.3,100,48.81
4-14,18,Thursday,clear,0,3000.0,5.3,100,46.39
4-14,15,Wednesday,cloudy,0,3000.0,5.3,100,49.14
4-14,3,Friday,clear,0,3000.0,5.3,100,52.52
4-14,20,Wednesday,cloudy,0,3000.0,5.3,100,53.83
4-14,19,Sunday,cloudy,0,3000.0,5.3,100,50.03
4-14,13,Sunday,rain,0,3000.0,5.3,100,45.45
4-14,10,Sunday,cloudy,0,3000.0,5.3,100,49.66
4-14,2,Monday,rain,1,3000.0,5.3,100,45.7
4-14,15,Thursday,fog,0,3000.0,5.3,133.96,43.14
4-14,15,Wednesday,rain,1,3000.0,5.3,100,43.88
4-14,11,Monday,rain,0,3000.0,5.3,100,49.39
4-14,16,Tuesday,rain,1,3000.0,5.3,100,45.19
4-14,11,Wednesday,fog,1,3000.0,5.3,100,51.64
4-14,23,Thursday,cloudy,0,3000.0,5.3,100,50.76
4-14,16,Monday,clear,0,3000.0,5.3,100,51.6
4-14,6,Monday,cloudy,1,3000.0,5.3,100,52.35
4-14,8,Saturday,rain,0,3000.0,5.3,100,43.12
4-14,10,Wednesday,rain,1,3000.0,5.3,100,39.53
4-14,1,Monday,clear,1,3000.0,5.3,100,53.94
4-14,11,Saturday,cloudy,0,3000.0,5.3,100,51.62
4-14,21,Sunday,fog,0,3000.0,5.3,100,50.4
4-14,2,Sunday,cloudy,0,3000.0,5.3,100,54.71
4-14,7,Wednesday,clear,0,3000.0,5.3,100,47.3
4-14,3,Wednesday,rain,0,3000.0,5.3,100,49.24
4-14,2,Thursday,rain,1,3000.0,5.3,100,48.43
4-14,8,Sunday,cloudy,0,3000.0,5.3,100,45.65
4-14,10,Saturday,rain,0,3000.0,5.3,100,43.81
4-14,8,Sunday,fog,1,3000.0,5.3,126.03,42.7
4-14,22,Wednesday,fog,0,3000.0,5.3,100,48.6
4-14,16,Tuesday,rain,0,3000.0,5.3,100,45.13
4-14,5,Saturday,rain,0,3000.0,5.3,100,49.83
4-14,1,Wednesday,fog,0,3000.0,5.3,100,53.02
4-14,3,Friday,clear,0,3000.0,5.3,149.2,54.66
4-14,10,Sunday,rain,0,3000.0,5.3,100,41.65
4-14,15,Saturday,clear,0,3000.0,5.3,100,47.53
4-14,4,Friday,cloudy,1,3000.0,5.3,100,55.18
5-11,22,Wednesday,clear,1,3100.0,7.9,100,56.64
5-11,22,Tuesday,clear,0,3100.0,7.9,100,53.62
5-11,7,Friday,fog,0,3100.0,7.9,100,44.46
5-11,14,Wednesday,fog,0,3100.0,7.9,100,49.78
5-11,16,Friday,clear,0,3100.0,7.9,100,47.56
5-11,20,Sunday,fog,0,3100.0,7.9,100,48.84
5-11,2,Thursday,rain,0,3100.0,7.9,100,47.94
5-11,0,Saturday,fog,0,3100.0,7.9,100,48.03
5-11,9,Tuesday,cloudy,1,3100.0,7.9,100,48.31
5-11,13,Sunday,clear,0,3100.0,7.9,100,51.24
5-11,6,Sunday,cloudy,0,3100.0,7.9,100,55.2
5-11,19,Monday,cloudy,1,3100.0,7.9,100,50.5
5-11,1,Saturday,fog,1,3100.0,7.9,117.84,48.0
5-11,4,Friday,fog,0,3100.0,7.9,100,48.64
5-11,17,Wednesday,rain,1,3100.0,7.9,100,45.16
5-11,21,Friday,fog,0,3100.0,7.9,132.39,50.88
5-11,23,Monday,clear,0,3100.0,7.9,100,53.22
5-11,3,Thursday,cloudy,0,3100.0,7.9,100,56.17
5-11,18,Friday,fog,0,3100.0,7.9,116.14,44.41
5-11,15,Sunday,clear,0,3100.0,7.9,100,48.75
5-11,6,Tuesday,cloudy,0,3100.0,7.9,100,53.57
5-11,1,Tuesday,fog,0,3100.0,7.9,100,48.26
5-11,14,Saturday,rain,0,3100.0,7.9,100,50.57
5-11,7,Tuesday,rain,0,3100.0,7.9,100,40.15
5-11,23,Monday,cloudy,1,3100.0,7.9,112.52,52.52
5-11,13,Monday,clear,0,3100.0,7.9,100,53.31
5-11,8,Tuesday,clear,0,3100.0,7.9,100,45.76
5-11,9,Tuesday,rain,0,3100.0,7.9,100,44.32
5-11,6,Friday,fog,0,3100.0,7.9,100,49.82
5-11,10,Friday,clear,0,3100.0,7.9,100,51.04
5-11,7,Friday,clear,0,3100.0,7.9,100,45.71
5-11,12,Monday,rain,0,3100.0,7.9,100,49.26
5-11,18,Saturday,cloudy,0,3100.0,7.9,100,45.58
5-11,2,Friday,rain,0,3100.0,7.9,100,46.43
5-11,23,Thursday,clear,0,3100.0,7.9,100,51.73
5-11,13,Wednesday,cloudy,0,3100.0,7.9,100,50.83
5-11,9,Sunday,fog,0,3100.0,7.9,100,45.64
5-11,10,Monday,cloudy,0,3100.0,7.9,100,49.24
5-11,9,Monday,fog,0,3100.0,7.9,100,46.46
5-11,8,Saturday,fog,1,3100.0,7.9,100,46.08
5-11,4,Tuesday,fog,0,3100.0,7.9,100,52.08
5-11,1,Wednesday,rain,0,3100.0,7.9,100,48.58
5-11,19,Wednesday,cloudy,0,3100.0,7.9,100,45.43
5-11,3,Saturday,clear,0,3100.0,7.9,100,54.02
5-11,16,Wednesday,rain,1,3100.0,7.9,100,44.35
5-11,16,Tuesday,fog,0,3100.0,7.9,100,42.64
5-11,20,Friday,clear,0,3100.0,7.9,100,54.17
5-11,15,Monday,rain,0,3100.0,7.9,100,43.42
5-11,14,Tuesday,cloudy,1,3100.0,7.9,100,52.94
5-11,8,Saturday,fog,0,3100.0,7.9,100,45.1
5-11,22,Wednesday,clear,0,3100.0,7.9,100,54.83
5-11,18,Wednesday,cloudy,1,3100.0,7.9,100,49.2
5-11,10,Saturday,clear,0,3100.0,7.9,100,50.81
5-11,7,Thursday,rain,0,3100.0,7.9,123.67,44.36
5-11,8,Sunday,rain,0,3100.0,7.9,100,42.67
5-11,11,Thursday,clear,0,3100.0,7.9,100,56.69
5-11,14,Monday,cloudy,0,3100.0,7.9,100,54.04
5-11,1,Saturday,rain,0,3100.0,7.9,100,45.23
5-11,7,Tuesday,rain,0,3100.0,7.9,100,43.81
5-11,13,Saturday,rain,1,3100.0,7.9,100,49.39
5-11,16,Saturday,fog,1,3100.0,7.9,100,46.4
5-11,7,Thursday,rain,0,3100.0,7.9,122.75,42.35
5-11,22,Thursday,fog,0,3100.0,7.9,100,49.35
5-11,21,Wednesday,rain,0,3100.0,7.9,100,48.42
5-11,10,Sunday,cloudy,0,3100.0,7.9,132.25,47.27
5-11,22,Wednesday,rain,0,3100.0,7.9,100,49.48
5-11,4,Monday,fog,0,3100.0,7.9,100,50.21
5-11,9,Sunday,rain,0,3100.0,7.9,100,39.36
5-11,17,Friday,rain,1,3100.0,7.9,100,40.34
5-11,20,Tuesday,clear,0,3100.0,7.9,100,57.12
5-11,22,Sunday,cloudy,0,3100.0,7.9,100,54.7
5-11,12,Monday,fog,0,3100.0,7.9,100,47.93
5-11,18,Friday,clear,0,3100.0,7.9,100,48.81
5-11,7,Wednesday,fog,1,3100.0,7.9,100,41.74
5-11,1,Monday,cloudy,1,3100.0,7.9,100,55.23
5-11,16,Thursday,cloudy,1,3100.0,7.9,100,50.82
5-11,8,Wednesday,fog,1,3100.0,7.9,100,42.88
5-11,9,Thursday,clear,0,3100.0,7.9,100,45.4
5-11,4,Friday,fog,0,3100.0,7.9,100,48.86
5-11,2,Tuesday,cloudy,1,3100.0,7.9,100,53.04
5-11,6,Tuesday,fog,1,3100.0,7.9,100,49.94
5-11,11,Monday,cloudy,0,3100.0,7.9,100,54.46
5-11,8,Friday,fog,0,3100.0,7.9,100,42.65
5-11,15,Friday,rain,0,3100.0,7.9,100,41.78
5-11,4,Monday,fog,0,3100.0,7.9,100,51.75
5-11,1,Monday,fog,0,3100.0,7.9,100,51.35
5-11,23,Sunday,fog,0,3100.0,7.9,100,51.01
5-11,16,Wednesday,clear,0,3100.0,7.9,100,51.99
5-11,21,Saturday,rain,1,3100.0,7.9,100,49.56
5-11,19,Sunday,cloudy,0,3100.0,7.9,100,45.41
5-11,4,Monday,clear,0,3100.0,7.9,100,53.25
5-11,16,Tuesday,rain,1,3100.0,7.9,100,45.95
5-11,19,Wednesday,fog,0,3100.0,7.9,100,45.31
5-11,3,Tuesday,rain,0,3100.0,7.9,100,47.27
5-11,2,Sunday,clear,0,3100.0,7.9,104.72,56.06
5-11,5,Saturday,fog,0,3100.0,7.9,100,47.24
5-11,4,Thursday,cloudy,1,3100.0,7.9,100,54.62
5-11,3,Tuesday,clear,0,3100.0,7.9,100,56.74
5-11,17,Monday,rain,1,3100.0,7.9,109.31,42.8
5-11,18,Tuesday,clear,0,3100.0,7.9,100,47.71
5-11,21,Saturday,cloudy,0,3100.0,7.9,100,53.8
5-11,1,Thursday,clear,1,3100.0,7.9,100,54.11
5-11,20,Thursday,fog,0,3100.0,7.9,100,51.04
5-11,19,Tuesday,clear,1,3100.0,7.9,100,48.92
5-11,17,Thursday,fog,0,3100.0,7.9,100.44,42.88
5-11,13,Wednesday,clear,0,3100.0,7.9,100,53.9
5-11,13,Saturday,clear,1,3100.0,7.9,100,51.27
5-11,7,Friday,rain,0,3100.0,7.9,100,43.38
5-11,2,Thursday,fog,0,3100.0,7.9,105.4,49.52
5-11,10,Tuesday,cloudy,0,3100.0,7.9,100,45.33
5-11,13,Saturday,fog,1,3100.0,7.9,100,51.88
5-11,4,Friday,rain,1,3100.0,7.9,100,50.52
5-11,0,Saturday,rain,0,3100.0,7.9,100,49.4
5-11,2,Tuesday,clear,1,3100.0,7.9,100,55.43
5-11,21,Monday,cloudy,1,3100.0,7.9,136.23,50.22
5-11,18,Thursday,cloudy,0,3100.0,7.9,100,50.87
5-11,10,Saturday,clear,0,3100.0,7.9,100,47.05
5-11,15,Tuesday,clear,1,3100.0,7.9,100,48.78
5-11,12,Sunday,fog,1,3100.0,7.9,140.38,51.72
5-11,6,Sunday,cloudy,1,3100.0,7.9,100,55.42
6-9,9,Thursday,fog,1,1800.0,2.2,100,45.5
6-9,18,Sunday,rain,0,1800.0,2.2,100,39.91
6-9,14,Thursday,fog,0,1800.0,2.2,100,50.22
6-9,8,Saturday,fog,1,1800.0,2.2,100,40.92
6-9,11,Thursday,cloudy,0,1800.0,2.2,100,51.97
6-9,10,Thursday,rain,0,1800.0,2.2,100,40.45
6-9,5,Saturday,fog,0,1800.0,2.2,100,48.72
6-9,5,Tuesday,clear,1,1800.0,2.2,100,52.15
6-9,15,Monday,clear,0,1800.0,2.2,100,46.76
6-9,22,Sunday,clear,0,1800.0,2.2,100,51.45
6-9,10,Thursday,fog,0,1800.0,2.2,100,45.56
6-9,1,Monday,rain,1,1800.0,2.2,100,50.53
6-9,2,Wednesday,cloudy,0,1800.0,2.2,100,53.85
6-9,12,Thursday,clear,0,1800.0,2.2,100,56.53
6-9,12,Sunday,cloudy,0,1800.0,2.2,100,53.95
6-9,20,Friday,cloudy,1,1800.0,2.2,100,53.97
6-9,10,Thursday,rain,0,1800.0,2.2,145.3,38.94
6-9,16,Sunday,fog,0,1800.0,2.2,147.34,43.9
6-9,22,Saturday,cloudy,0,1800.0,2.2,100,52.25
6-9,11,Thursday,rain,1,1800.0,2.2,100,50.34
6-9,18,Monday,rain,0,1800.0,2.2,131.43,44.82
6-9,4,Saturday,cloudy,0,1800.0,2.2,100,51.07
6-9,0,Sunday,cloudy,0,1800.0,2.2,100,54.08
6-9,13,Friday,cloudy,0,1800.0,2.2,100,52.05
6-9,7,Wednesday,cloudy,0,1800.0,2.2,100,47.32
6-9,15,Tuesday,rain,1,1800.0,2.2,109.76,44.01
6-9,10,Sunday,clear,0,1800.0,2.2,100,48.66
6-9,15,Saturday,cloudy,0,1800.0,2.2,111.23,46.85
6-9,18,Tuesday,clear,1,1800.0,2.2,100,47.78
6-9,13,Monday,cloudy,0,1800.0,2.2,100,54.17
6-9,5,Friday,fog,0,1800.0,2.2,128.6,48.87
6-9,8,Monday,clear,0,1800.0,2.2,100,48.49
6-9,1,Wednesday,cloudy,0,1800.0,2.2,100,53.08
6-9,7,Friday,rain,0,1800.0,2.2,136.73,38.34
6-9,2,Monday,clear,0,1800.0,2.2,108.85,55.03
6-9,1,Tuesday,clear,0,1800.0,2.2,100,53.13
6-9,18,Wednesday,cloudy,0,1800.0,2.2,140.8,47.91
6-9,11,Friday,cloudy,0,1800.0,2.2,143.21,52.02
6-9,13,Monday,clear,0,1800.0,2.2,121.42,54.35
6-9,20,Wednesday,cloudy,0,1800.0,2.2,100,50.64
6-9,22,Tuesday,cloudy,0,1800.0,2.2,100,54.44
6-9,18,Monday,fog,0,1800.0,2.2,100,42.77
6-9,17,Sunday,cloudy,0,1800.0,2.2,100,46.67
6-9,13,Thursday,rain,0,1800.0,2.2,100,48.08
6-9,11,Tuesday,clear,0,1800.0,2.2,100,51.81
6-9,18,Tuesday,fog,0,1800.0,2.2,100,46.81
6-9,19,Saturday,cloudy,0,1800.0,2.2,135.53,47.42
6-9,23,Friday,cloudy,1,1800.0,2.2,100,50.24
6-9,10,Saturday,fog,0,1800.0,2.2,100,45.93
6-9,8,Thursday,fog,0,1800.0,2.2,100,42.22
6-9,3,Wednesday,cloudy,1,1800.0,2.2,100,54.64
6-9,12,Friday,fog,0,1800.0,2.2,100,50.61
6-9,17,Saturday,clear,0,1800.0,2.2,100,45.92
6-9,7,Wednesday,cloudy,0,1800.0,2.2,100,46.24
6-9,19,Thursday,fog,1,1800.0,2.2,100,44.41
6-9,22,Monday,rain,0,1800.0,2.2,122.03,46.87
6-9,1,Tuesday,fog,0,1800.0,2.2,100,50.8
6-9,18,Monday,fog,1,1800.0,2.2,125.87,42.24
6-9,13,Sunday,rain,0,1800.0,2.2,100,47.18
6-9,4,Sunday,clear,0,1800.0,2.2,100,51.86
6-9,4,Saturday,fog,0,1800.0,2.2,100,46.96
6-9,2,Saturday,rain,0,1800.0,2.2,111.66,45.35
6-9,4,Friday,rain,0,1800.0,2.2,100,45.91
6-9,17,Sunday,rain,0,1800.0,2.2,100,43.24
6-9,14,Thursday,fog,0,1800.0,2.2,100,48.75
6-9,14,Tuesday,cloudy,0,1800.0,2.2,100,54.5
6-9,15,Sunday,fog,1,1800.0,2.2,100,46.18
6-9,7,Wednesday,fog,0,1800.0,2.2,100,43.19
6-9,4,Monday,rain,0,1800.0,2.2,100,49.81
6-9,11,Monday,cloudy,0,1800.0,2.2,121.41,53.36
6-9,7,Tuesday,rain,0,1800.0,2.2,100,38.76
6-9,17,Tuesday,fog,0,1800.0,2.2,106.32,43.22
6-9,0,Friday,clear,0,1800.0,2.2,100,55.9
6-9,22,Thursday,fog,0,1800.0,2.2,100,48.12
6-9,21,Wednesday,clear,1,1800.0,2.2,100,51.73
6-9,2,Monday,clear,0,1800.0,2.2,133.66,52.77
6-9,7,Wednesday,rain,0,1800.0,2.2,100,39.84
6-9,15,Monday,fog,0,1800.0,2.2,100,44.99
6-9,15,Wednesday,rain,1,1800.0,2.2,100,41.2
6-9,3,Tuesday,fog,1,1800.0,2.2,100,47.34
6-9,4,Thursday,rain,0,1800.0,2.2,100,48.89
6-9,23,Friday,clear,1,1800.0,2.2,113.9,55.38
6-9,6,Thursday,cloudy,1,1800.0,2.2,100,49.66
6-9,9,Monday,clear,1,1800.0,2.2,100,46.32
6-9,10,Thursday,cloudy,0,1800.0,2.2,100,49.3
6-9,1,Sunday,rain,0,1800.0,2.2,101.37,46.24
6-9,22,Thursday,clear,0,1800.0,2.2,100,50.91
6-9,7,Saturday,rain,1,1800.0,2.2,100,42.72
6-9,20,Friday,cloudy,0,1800.0,2.2,100,50.56
6-9,2,Friday,cloudy,0,1800.0,2.2,100,54.44
6-9,10,Monday,clear,1,1800.0,2.2,100,46.27
6-9,3,Tuesday,cloudy,1,1800.0,2.2,100,52.15
6-9,5,Monday,fog,1,1800.0,2.2,100,46.8
6-9,3,Tuesday,fog,0,1800.0,2.2,100,51.75
6-9,3,Wednesday,cloudy,0,1800.0,2.2,100,50.25
6-9,22,Monday,rain,1,1800.0,2.2,100,50.2
6-9,8,Thursday,fog,0,1800.0,2.2,100,44.75
6-9,18,Monday,cloudy,0,1800.0,2.2,100,45.97
6-9,10,Wednesday,clear,1,1800.0,2.2,100,48.78
6-9,2,Friday,rain,0,1800.0,2.2,100,48.76
6-9,22,Thursday,cloudy,0,1800.0,2.2,100,50.58
6-9,22,Thursday,fog,0,1800.0,2.2,100,49.1
6-9,14,Thursday,clear,0,1800.0,2.2,100,52.29
6-9,7,Tuesday,fog,1,1800.0,2.2,100,44.29
6-9,8,Monday,clear,0,1800.0,2.2,100,49.37
6-9,2,Tuesday,clear,1,1800.0,2.2,100,50.61
6-9,13,Saturday,cloudy,0,1800.0,2.2,100,51.03
6-9,3,Tuesday,cloudy,1,1800.0,2.2,100,54.99
6-9,10,Friday,rain,1,1800.0,2.2,100,40.21
6-9,5,Saturday,clear,0,1800.0,2.2,100,53.26
6-9,7,Sunday,fog,0,1800.0,2.2,100,45.78
6-9,14,Sunday,cloudy,0,1800.0,2.2,100,52.13
6-9,7,Wednesday,fog,1,1800.0,2.2,100,41.41
6-9,23,Thursday,clear,0,1800.0,2.2,100,55.18
6-9,4,Monday,rain,1,1800.0,2.2,100,49.7
6-9,10,Sunday,clear,1,1800.0,2.2,100,47.92
6-9,16,Friday,clear,1,1800.0,2.2,106.02,46.84
6-9,7,Thursday,fog,1,1800.0,2.2,100,46.6
6-9,0,Sunday,rain,1,1800.0,2.2,100,46.6
6-9,2,Tuesday,fog,0,1800.0,2.2,100,50.04
7-8,20,Wednesday,fog,0,3500.0,24.5,132.19,47.78
7-8,23,Thursday,fog,0,3500.0,24.5,100,47.51
7-8,14,Sunday,rain,0,3500.0,24.5,100,47.72
7-8,17,Wednesday,clear,0,3500.0,24.5,108.7,51.64
7-8,12,Tuesday,clear,0,3500.0,24.5,100,54.03
7-8,4,Monday,cloudy,0,3500.0,24.5,100,52.95
7-8,22,Tuesday,fog,0,3500.0,24.5,100,47.36
7-8,14,Wednesday,fog,0,3500.0,24.5,100,49.3
7-8,4,Friday,clear,1,3500.0,24.5,100,56.73
7-8,16,Monday,clear,1,3500.0,24.5,100,49.61
7-8,20,Friday,cloudy,0,3500.0,24.5,104.18,53.27
7-8,10,Tuesday,clear,0,3500.0,24.5,117.08,49.87
7-8,18,Thursday,cloudy,0,3500.0,24.5,100,49.69
7-8,0,Wednesday,rain,1,3500.0,24.5,100,50.6
7-8,21,Tuesday,cloudy,0,3500.0,24.5,145.04,50.95
7-8,4,Monday,cloudy,0,3500.0,24.5,100,55.06
7-8,7,Thursday,fog,1,3500.0,24.5,100,42.99
7-8,16,Sunday,fog,1,3500.0,24.5,100,42.93
7-8,1,Saturday,cloudy,0,3500.0,24.5,100,56.1
7-8,21,Sunday,fog,0,3500.0,24.5,100,51.57
7-8,11,Monday,clear,0,3500.0,24.5,128.14,56.21
7-8,16,Thursday,rain,0,3500.0,24.5,100,44.07
7-8,6,Friday,rain,1,3500.0,24.5,100,47.32
7-8,14,Friday,clear,0,3500.0,24.5,100,57.24
7-8,8,Saturday,rain,0,3500.0,24.5,100,43.55
7-8,2,Monday,rain,0,3500.0,24.5,100,50.47
7-8,4,Sunday,rain,1,3500.0,24.5,100,48.16
7-8,3,Thursday,cloudy,0,3500.0,24.5,100,54.14
7-8,14,Wednesday,rain,0,3500.0,24.5,100,46.04
7-8,23,Friday,cloudy,1,3500.0,24.5,100,55.98
7-8,3,Friday,rain,0,3500.0,24.5,145.19,47.41
7-8,17,Sunday,rain,1,3500.0,24.5,100,44.35
7-8,17,Tuesday,rain,0,3500.0,24.5,100,44.06
7-8,5,Saturday,clear,0,3500.0,24.5,100,52.11
7-8,19,Sunday,fog,1,3500.0,24.5,100,47.43
7-8,3,Tuesday,rain,1,3500.0,24.5,100,46.01
7-8,8,Thursday,rain,0,3500.0,24.5,100,44.13
7-8,5,Sunday,cloudy,0,3500.0,24.5,100,55.15
7-8,6,Thursday,fog,1,3500.0,24.5,118.47,48.12
7-8,13,Saturday,rain,0,3500.0,24.5,100,46.75
7-8,15,Wednesday,cloudy,1,3500.0,24.5,144.45,45.18
7-8,11,Sunday,rain,1,3500.0,24.5,100,48.99
7-8,8,Friday,fog,0,3500.0,24.5,100,45.71
7-8,16,Tuesday,clear,0,3500.0,24.5,100,51.43
7-8,8,Friday,fog,1,3500.0,24.5,100,43.38
7-8,16,Saturday,fog,0,3500.0,24.5,137.61,43.74
7-8,19,Saturday,clear,0,3500.0,24.5,100,49.08
7-8,19,Friday,fog,0,3500.0,24.5,100,46.54
7-8,19,Thursday,cloudy,0,3500.0,24.5,100,48.31
7-8,12,Saturday,clear,0,3500.0,24.5,108.55,56.41
7-8,6,Sunday,clear,0,3500.0,24.5,100,57.17
7-8,21,Wednesday,clear,1,3500.0,24.5,100,52.42
7-8,6,Thursday,cloudy,0,3500.0,24.5,100,54.55
7-8,23,Monday,fog,0,3500.0,24.5,100,48.69
7-8,20,Friday,cloudy,1,3500.0,24.5,100,55.2
7-8,1,Wednesday,clear,1,3500.0,24.5,100,55.54
7-8,14,Tuesday,cloudy,0,3500.0,24.5,100,51.91
7-8,22,Saturday,cloudy,0,3500.0,24.5,121.22,54.14
7-8,13,Thursday,rain,0,3500.0,24.5,100,48.32
7-8,10,Sunday,cloudy,0,3500.0,24.5,114.14,45.66
7-8,7,Tuesday,cloudy,0,3500.0,24.5,132.57,49.17
7-8,22,Thursday,clear,0,3500.0,24.5,100,52.68
7-8,3,Tuesday,cloudy,1,3500.0,24.5,100,51.52
7-8,20,Tuesday,cloudy,0,3500.0,24.5,100,51.77
7-8,13,Tuesday,fog,0,3500.0,24.5,102.93,48.86
7-8,15,Thursday,fog,0,3500.0,24.5,100,47.16
7-8,9,Wednesday,cloudy,0,3500.0,24.5,144.71,46.9
7-8,20,Friday,cloudy,1,3500.0,24.5,137.19,50.86
7-8,11,Sunday,clear,0,3500.0,24.5,100,57.22
7-8,2,Tuesday,fog,1,3500.0,24.5,125.56,50.43
7-8,20,Sunday,cloudy,0,3500.0,24.5,100,50.38
7-8,12,Wednesday,rain,0,3500.0,24.5,114.29,49.97
7-8,13,Tuesday,fog,0,3500.0,24.5,100,53.28
7-8,6,Monday,fog,1,3500.0,24.5,100,50.18
7-8,1,Saturday,cloudy,1,3500.0,24.5,100,55.78
7-8,9,Sunday,clear,1,3500.0,24.5,100,46.12
7-8,0,Tuesday,rain,1,3500.0,24.5,110.28,48.68
7-8,7,Thursday,rain,0,3500.0,24.5,128.46,41.94
7-8,10,Monday,fog,0,3500.0,24.5,100,43.78
7-8,20,Thursday,clear,0,3500.0,24.5,100,52.42
7-8,7,Wednesday,clear,0,3500.0,24.5,100,50.68
7-8,22,Wednesday,rain,0,3500.0,24.5,100,50.4
7-8,6,Sunday,rain,0,3500.0,24.5,100,47.5
7-8,16,Wednesday,fog,1,3500.0,24.5,100,43.16
7-8,12,Wednesday,rain,0,3500.0,24.5,141.83,47.13
7-8,19,Saturday,cloudy,0,3500.0,24.5,100,45.88
7-8,9,Saturday,cloudy,0,3500.0,24.5,100.76,44.39
7-8,6,Wednesday,rain,0,3500.0,24.5,100,46.93
7-8,21,Tuesday,rain,1,3500.0,24.5,100,49.25
7-8,20,Thursday,rain,0,3500.0,24.5,100,49.92
7-8,5,Monday,cloudy,1,3500.0,24.5,100,55.75
7-8,18,Sunday,rain,0,3500.0,24.5,100,42.24
7-8,21,Monday,clear,0,3500.0,24.5,100,51.72
7-8,7,Monday,cloudy,0,3500.0,24.5,100,45.54
7-8,21,Friday,cloudy,1,3500.0,24.5,100,51.64
7-8,19,Thursday,clear,0,3500.0,24.5,100,48.78
7-8,3,Saturday,fog,0,3500.0,24.5,100,52.12
7-8,14,Tuesday,clear,1,3500.0,24.5,118.88,55.28
7-8,16,Tuesday,rain,0,3500.0,24.5,100,41.94
7-8,13,Tuesday,fog,1,3500.0,24.5,143.06,51.6
7-8,11,Wednesday,clear,0,3500.0,24.5,100,56.52
7-8,15,Monday,rain,0,3500.0,24.5,100,40.42
7-8,18,Sunday,clear,0,3500.0,24.5,100,47.48
7-8,12,Wednesday,fog,0,3500.0,24.5,100,50.41
7-8,20,Thursday,rain,0,3500.0,24.5,100,45.43
7-8,3,Tuesday,clear,0,3500.0,24.5,100,57.14
7-8,18,Monday,cloudy,0,3500.0,24.5,116.57,50.32
7-8,4,Sunday,rain,0,3500.0,24.5,100,50.31
7-8,10,Thursday,rain,0,3500.0,24.5,140.27,40.24
7-8,18,Tuesday,rain,0,3500.0,24.5,100,44.99
7-8,14,Tuesday,cloudy,1,3500.0,24.5,132.33,52.43
7-8,2,Monday,fog,0,3500.0,24.5,100,48.74
7-8,7,Monday,rain,0,3500.0,24.5,114.22,40.76
7-8,3,Tuesday,clear,0,3500.0,24.5,100,55.32
7-8,15,Friday,fog,0,3500.0,24.5,100,47.32
7-8,22,Sunday,rain,0,3500.0,24.5,100,47.18
7-8,17,Thursday,cloudy,0,3500.0,24.5,100,49.04
7-8,2,Monday,clear,0,3500.0,24.5,146.09,54.87
7-8,3,Sunday,clear,1,3500.0,24.5,142.35,54.53
7-8,3,Sunday,cloudy,1,3500.0,24.5,100,53.36
7-15,21,Thursday,cloudy,0,3000.0,9.8,100,55.88
7-15,14,Thursday,fog,0,3000.0,9.8,100,50.89
7-15,10,Friday,cloudy,0,3000.0,9.8,105.15,45.46
7-15,9,Wednesday,cloudy,0,3000.0,9.8,148.76,47.21
7-15,3,Monday,fog,0,3000.0,9.8,100,49.97
7-15,0,Saturday,cloudy,0,3000.0,9.8,100,50.37
7-15,17,Wednesday,rain,0,3000.0,9.8,100,44.71
7-15,0,Wednesday,fog,0,3000.0,9.8,100,53.07
7-15,20,Saturday,rain,0,3000.0,9.8,100,50.54
7-15,20,Monday,cloudy,0,3000.0,9.8,100,54.37
7-15,3,Saturday,fog,0,3000.0,9.8,100,51.9
7-15,22,Friday,cloudy,1,3000.0,9.8,146.35,51.46
7-15,9,Tuesday,rain,0,3000.0,9.8,100,39.49
7-15,5,Sunday,cloudy,1,3000.0,9.8,100,56.1
7-15,22,Sunday,fog,0,3000.0,9.8,134.12,47.1
7-15,17,Saturday,clear,1,3000.0,9.8,100,50.52
7-15,3,Saturday,clear,0,3000.0,9.8,100,52.81
7-15,17,Thursday,clear,1,3000.0,9.8,100,46.96
7-15,15,Friday,rain,0,3000.0,9.8,100,44.59
7-15,11,Monday,fog,0,3000.0,9.8,100,51.21
7-15,11,Saturday,rain,0,3000.0,9.8,100,50.76
7-15,13,Friday,cloudy,0,3000.0,9.8,100,50.58
7-15,16,Saturday,cloudy,0,3000.0,9.8,100,47.15
7-15,14,Monday,clear,0,3000.0,9.8,119.33,52.76
7-15,2,Wednesday,clear,0,3000.0,9.8,100,56.3
7-15,15,Thursday,rain,0,3000.0,9.8,100,40.63
7-15,12,Friday,fog,0,3000.0,9.8,100,51.93
7-15,12,Sunday,fog,1,3000.0,9.8,100,49.39
7-15,0,Friday,clear,1,3000.0,9.8,100,56.74
7-15,16,Wednesday,cloudy,0,3000.0,9.8,100,45.21
7-15,1,Saturday,fog,1,3000.0,9.8,100,48.72
7-15,23,Monday,rain,0,3000.0,9.8,100,47.43
7-15,10,Friday,rain,0,3000.0,9.8,100,41.46
7-15,16,Wednesday,cloudy,0,3000.0,9.8,100,46.39
7-15,3,Saturday,fog,0,3000.0,9.8,110.98,49.56
7-15,19,Tuesday,cloudy,0,3000.0,9.8,100,48.75
7-15,9,Saturday,clear,1,3000.0,9.8,100,48.66
7-15,4,Sunday,rain,0,3000.0,9.8,100,48.15
7-15,8,Tuesday,cloudy,0,3000.0,9.8,100,44.94
7-15,5,Monday,clear,0,3000.0,9.8,117.02,53.7
7-15,16,Saturday,clear,0,3000.0,9.8,113.58,48.34
7-15,7,Sunday,cloudy,0,3000.0,9.8,100,46.01
7-15,13,Friday,fog,0,3000.0,9.8,100,47.62
7-15,21,Wednesday,clear,0,3000.0,9.8,100,54.9
7-15,8,Saturday,fog,1,3000.0,9.8,149.33,44.75
7-15,11,Tuesday,cloudy,0,3000.0,9.8,100,51.86
7-15,17,Sunday,cloudy,0,3000.0,9.8,100,45.83
7-15,5,Saturday,rain,0,3000.0,9.8,100,48.43
7-15,17,Tuesday,rain,0,3000.0,9.8,100,44.54
7-15,9,Sunday,fog,0,3000.0,9.8,100,41.59
7-15,23,Monday,cloudy,0,3000.0,9.8,100,53.37
7-15,7,Saturday,rain,0,3000.0,9.8,100,39.23
7-15,23,Friday,clear,0,3000.0,9.8,100,54.84
7-15,5,Sunday,fog,0,3000.0,9.8,102.58,51.58
7-15,9,Friday,fog,0,3000.0,9.8,100,42.74
7-15,7,Sunday,cloudy,0,3000.0,9.8,100,49.85
7-15,17,Thursday,rain,0,3000.0,9.8,100,41.72
7-15,10,Monday,rain,0,3000.0,9.8,100,45.13
7-15,3,Saturday,rain,0,3000.0,9.8,100,50.78
7-15,6,Sunday,fog,0,3000.0,9.8,107.51,48.85
7-15,20,Wednesday,fog,0,3000.0,9.8,100,51.76
7-15,5,Saturday,clear,0,3000.0,9.8,100,55.08
7-15,23,Monday,fog,0,3000.0,9.8,106.89,49.32
7-15,2,Friday,rain,0,3000.0,9.8,100,47.62
7-15,13,Saturday,rain,0,3000.0,9.8,100,50.39
7-15,2,Saturday,clear,1,3000.0,9.8,100,55.81
7-15,18,Friday,clear,0,3000.0,9.8,100,52.07
7-15,13,Wednesday,fog,0,3000.0,9.8,148.28,47.38
7-15,2,Tuesday,fog,1,3000.0,9.8,100,50.19
7-15,17,Sunday,fog,0,3000.0,9.8,100,43.29
7-15,21,Monday,rain,0,3000.0,9.8,100,46.78
7-15,1,Tuesday,clear,0,3000.0,9.8,100,51.38
7-15,23,Sunday,clear,0,3000.0,9.8,100,56.5
7-15,20,Saturday,clear,0,3000.0,9.8,100,54.1
7-15,5,Sunday,fog,1,3000.0,9.8,100,52.3
7-15,4,Friday,cloudy,0,3000.0,9.8,100,53.9
7-15,2,Tuesday,clear,0,3000.0,9.8,100,53.48
7-15,16,Thursday,clear,0,3000.0,9.8,100,48.28
7-15,5,Friday,fog,0,3000.0,9.8,100,49.97
7-15,11,Friday,cloudy,0,3000.0,9.8,100,53.54
7-15,10,Saturday,fog,0,3000.0,9.8,123.92,43.21
7-15,12,Monday,rain,0,3000.0,9.8,100,47.47
7-15,0,Sunday,fog,1,3000.0,9.8,100,49.9
7-15,18,Friday,clear,0,3000.0,9.8,100,50.93
7-15,3,Saturday,fog,0,3000.0,9.8,100,47.81
7-15,6,Saturday,cloudy,0,3000.0,9.8,100,51.63
7-15,23,Tuesday,rain,0,3000.0,9.8,100,46.9
7-15,3,Monday,fog,1,3000.0,9.8,100,51.43
7-15,22,Tuesday,cloudy,0,3000.0,9.8,100,52.11
7-15,16,Monday,clear,0,3000.0,9.8,100,50.38
7-15,23,Wednesday,fog,0,3000.0,9.8,136.75,52.31
7-15,7,Saturday,cloudy,0,3000.0,9.8,100,48.41
7-15,21,Sunday,cloudy,0,3000.0,9.8,100,54.94
7-15,21,Thursday,rain,0,3000.0,9.8,100,49.82
7-15,20,Saturday,cloudy,0,3000.0,9.8,100,50.76
7-15,14,Friday,cloudy,1,3000.0,9.8,100,51.81
7-15,21,Monday,cloudy,0,3000.0,9.8,100,55.91
7-15,23,Sunday,rain,0,3000.0,9.8,100,51.07
7-15,5,Sunday,clear,0,3000.0,9.8,144.39,55.83
7-15,17,Tuesday,cloudy,0,3000.0,9.8,100,45.44
7-15,23,Wednesday,cloudy,1,3000.0,9.8,100,52.06
7-15,6,Thursday,cloudy,0,3000.0,9.8,145.0,53.34
7-15,15,Sunday,fog,0,3000.0,9.8,100,43.08
7-15,1,Saturday,fog,1,3000.0,9.8,100,50.29
7-15,9,Friday,cloudy,0,3000.0,9.8,129.82,44.76
7-15,20,Sunday,cloudy,0,3000.0,9.8,100,51.99
7-15,7,Wednesday,cloudy,0,3000.0,9.8,100,47.51
7-15,0,Wednesday,clear,0,3000.0,9.8,100,56.65
7-15,6,Thursday,fog,0,3000.0,9.8,100,47.39
7-15,7,Friday,rain,0,3000.0,9.8,121.14,44.52
7-15,15,Tuesday,cloudy,0,3000.0,9.8,104.83,50.03
7-15,14,Thursday,rain,0,3000.0,9.8,120.94,49.06
7-15,20,Saturday,fog,1,3000.0,9.8,103.05,49.76
7-15,14,Thursday,clear,0,3000.0,9.8,100,52.22
7-15,9,Monday,clear,0,3000.0,9.8,100,51.04
7-15,18,Thursday,rain,0,3000.0,9.8,100,43.34
7-15,9,Tuesday,rain,0,3000.0,9.8,100,39.86
7-15,23,Monday,fog,1,3000.0,9.8,131.31,47.96
7-15,7,Sunday,cloudy,0,3000.0,9.8,100,48.09
7-15,23,Friday,clear,0,3000.0,9.8,100,55.44
8-10,17,Monday,cloudy,0,2200.0,3.3,100,49.26
8-10,16,Saturday,fog,1,2200.0,3.3,100,43.51
8-10,4,Saturday,cloudy,1,2200.0,3.3,132.95,51.33
8-10,21,Tuesday,clear,1,2200.0,3.3,100,52.99
8-10,19,Thursday,rain,0,2200.0,3.3,100,41.18
8-10,8,Friday,clear,1,2200.0,3.3,133.54,46.99
8-10,1,Friday,clear,1,2200.0,3.3,100,56.68
8-10,13,Tuesday,clear,0,2200.0,3.3,100,52.12
8-10,17,Tuesday,cloudy,0,2200.0,3.3,100,47.34
8-10,22,Friday,rain,1,2200.0,3.3,100,49.68
8-10,20,Saturday,fog,0,2200.0,3.3,100,50.05
8-10,4,Friday,fog,0,2200.0,3.3,107.46,50.1
8-10,3,Saturday,rain,0,2200.0,3.3,100,47.53
8-10,4,Wednesday,fog,0,2200.0,3.3,100,47.51
8-10,21,Thursday,cloudy,1,2200.0,3.3,100,54.32
8-10,23,Tuesday,fog,0,2200.0,3.3,101.79,51.0
8-10,17,Monday,cloudy,0,2200.0,3.3,100,48.54
8-10,8,Tuesday,fog,0,2200.0,3.3,100,46.41
8-10,15,Sunday,fog,0,2200.0,3.3,100,44.21
8-10,20,Thursday,fog,0,2200.0,3.3,100,51.94
8-10,4,Friday,rain,0,2200.0,3.3,100,50.0
8-10,15,Wednesday,rain,1,2200.0,3.3,100,40.11
8-10,22,Wednesday,fog,0,2200.0,3.3,100,51.5
8-10,15,Monday,fog,0,2200.0,3.3,100,43.45
8-10,18,Wednesday,rain,1,2200.0,3.3,100,45.75
8-10,0,Wednesday,cloudy,1,2200.0,3.3,100,54.53
8-10,13,Monday,cloudy,1,2200.0,3.3,100,51.67
8-10,8,Thursday,clear,1,2200.0,3.3,100,48.94
8-10,17,Monday,clear,0,2200.0,3.3,100,50.74
8-10,0,Tuesday,cloudy,0,2200.0,3.3,100,50.51
8-10,20,Monday,cloudy,0,2200.0,3.3,100,54.32
8-10,16,Thursday,clear,0,2200.0,3.3,100,46.94
8-10,9,Friday,fog,0,2200.0,3.3,100,44.83
8-10,15,Thursday,cloudy,0,2200.0,3.3,100,47.73
8-10,23,Friday,clear,0,2200.0,3.3,100,54.54
8-10,19,Friday,rain,0,2200.0,3.3,133.38,44.49
8-10,1,Thursday,rain,1,2200.0,3.3,100,45.21
8-10,16,Monday,cloudy,1,2200.0,3.3,100,45.3
8-10,11,Friday,fog,0,2200.0,3.3,100,49.77
8-10,4,Monday,rain,0,2200.0,3.3,100,45.75
8-10,2,Tuesday,cloudy,0,2200.0,3.3,100,54.21
8-10,13,Friday,fog,0,2200.0,3.3,100,48.95
8-10,18,Sunday,cloudy,0,2200.0,3.3,100,47.2
8-10,2,Monday,cloudy,1,2200.0,3.3,100,55.25
8-10,16,Saturday,clear,0,2200.0,3.3,100,46.55
8-10,5,Thursday,cloudy,1,2200.0,3.3,100,53.47
8-10,6,Wednesday,fog,0,2200.0,3.3,100,48.7
8-10,19,Monday,fog,0,2200.0,3.3,100,47.56
8-10,18,Tuesday,clear,0,2200.0,3.3,100,50.19
8-10,9,Tuesday,rain,0,2200.0,3.3,100,44.69
8-10,0,Monday,clear,1,2200.0,3.3,100,52.84
8-10,22,Tuesday,cloudy,0,2200.0,3.3,100,50.51
8-10,23,Friday,fog,0,2200.0,3.3,100,49.37
8-10,12,Wednesday,fog,0,2200.0,3.3,100,52.65
8-10,13,Sunday,rain,0,2200.0,3.3,148.03,44.36
8-10,0,Saturday,cloudy,1,2200.0,3.3,100,51.86
8-10,5,Saturday,clear,0,2200.0,3.3,100,53.59
8-10,18,Thursday,rain,0,2200.0,3.3,100,43.46
8-10,4,Saturday,fog,0,2200.0,3.3,100,48.09
8-10,17,Tuesday,fog,0,2200.0,3.3,100,47.19
8-10,10,Friday,fog,0,2200.0,3.3,100,45.17
8-10,6,Sunday,fog,0,2200.0,3.3,100,48.92
8-10,6,Saturday,rain,0,2200.0,3.3,100,47.44
8-10,6,Monday,clear,1,2200.0,3.3,100,52.39
8-10,3,Sunday,fog,0,2200.0,3.3,100,51.72
8-10,22,Sunday,rain,1,2200.0,3.3,100,46.93
8-10,22,Monday,rain,0,2200.0,3.3,100,47.12
8-10,4,Thursday,clear,0,2200.0,3.3,100,52.74
8-10,2,Sunday,rain,1,2200.0,3.3,100,47.79
8-10,20,Monday,clear,0,2200.0,3.3,115.88,53.38
8-10,19,Tuesday,fog,0,2200.0,3.3,143.03,44.63
8-10,14,Friday,clear,0,2200.0,3.3,100,54.99
8-10,8,Tuesday,rain,0,2200.0,3.3,100,39.01
8-10,17,Wednesday,rain,0,2200.0,3.3,100,42.42
8-10,4,Wednesday,cloudy,0,2200.0,3.3,100,54.46
8-10,16,Monday,rain,0,2200.0,3.3,100,41.26
8-10,23,Thursday,fog,1,2200.0,3.3,100,49.26
8-10,2,Thursday,rain,0,2200.0,3.3,100,49.31
8-10,22,Thursday,clear,0,2200.0,3.3,100,54.88
8-10,19,Tuesday,clear,0,2200.0,3.3,100,49.36
8-10,5,Sunday,clear,0,2200.0,3.3,100,54.2
8-10,14,Monday,fog,0,2200.0,3.3,100,49.86
8-10,11,Tuesday,fog,0,2200.0,3.3,100,52.14
8-10,21,Saturday,clear,0,2200.0,3.3,100,51.51
8-10,4,Sunday,fog,0,2200.0,3.3,100,51.45
8-10,8,Sunday,clear,0,2200.0,3.3,100,44.97
8-10,3,Tuesday,rain,0,2200.0,3.3,100,46.5
8-10,16,Sunday,fog,0,2200.0,3.3,100,42.36
8-10,17,Tuesday,clear,1,2200.0,3.3,100,47.25
8-10,0,Friday,fog,0,2200.0,3.3,126.18,49.81
8-10,9,Wednesday,cloudy,1,2200.0,3.3,100,49.03
8-10,11,Saturday,clear,1,2200.0,3.3,100,51.48
8-10,23,Monday,clear,0,2200.0,3.3,118.66,52.74
8-10,2,Friday,cloudy,1,2200.0,3.3,100,50.43
8-10,13,Friday,fog,0,2200.0,3.3,100,52.86
8-10,0,Saturday,clear,0,2200.0,3.3,100,52.58
8-10,22,Thursday,cloudy,1,2200.0,3.3,100,51.56
8-10,6,Friday,cloudy,0,2200.0,3.3,100,52.48
8-10,16,Monday,rain,1,2200.0,3.3,100,41.0
8-10,4,Tuesday,fog,0,2200.0,3.3,100,52.49
8-10,17,Wednesday,clear,1,2200.0,3.3,100,50.22
8-10,14,Saturday,fog,0,2200.0,3.3,100,46.91
8-10,17,Friday,clear,0,2200.0,3.3,100,50.63
8-10,9,Sunday,rain,0,2200.0,3.3,100,39.56
8-10,12,Thursday,rain,0,2200.0,3.3,100,49.8
8-10,14,Sunday,fog,0,2200.0,3.3,100,46.94
8-10,13,Sunday,cloudy,1,2200.0,3.3,100,54.84
8-10,18,Sunday,cloudy,0,2200.0,3.3,131.49,45.44
8-10,14,Monday,cloudy,0,2200.0,3.3,129.97,50.07
8-10,1,Friday,rain,0,2200.0,3.3,100,48.91
8-10,17,Monday,fog,0,2200.0,3.3,100,47.39
8-10,4,Saturday,cloudy,0,2200.0,3.3,100,54.75
8-10,17,Friday,cloudy,0,2200.0,3.3,100,49.86
8-10,2,Wednesday,clear,1,2200.0,3.3,100,55.58
8-10,19,Saturday,rain,0,2200.0,3.3,100,45.65
8-10,6,Monday,cloudy,1,2200.0,3.3,125.9,52.54
8-10,18,Thursday,clear,0,2200.0,3.3,109.63,47.11
8-10,5,Sunday,clear,1,2200.0,3.3,100,55.98
8-10,17,Tuesday,clear,1,2200.0,3.3,100,46.34
8-10,4,Friday,fog,0,2200.0,3.3,100,48.87
8-12,9,Tuesday,cloudy,0,2600.0,14.8,100,44.65
8-12,12,Friday,rain,0,2600.0,14.8,110.36,49.14
8-12,16,Monday,rain,0,2600.0,14.8,100,45.14
8-12,8,Tuesday,clear,0,2600.0,14.8,100,47.59
8-12,18,Saturday,rain,1,2600.0,14.8,100,42.94
8-12,20,Tuesday,rain,0,2600.0,14.8,100,49.28
8-12,20,Friday,cloudy,1,2600.0,14.8,100,50.56
8-12,13,Friday,clear,0,2600.0,14.8,100,52.3
8-12,13,Wednesday,cloudy,1,2600.0,14.8,100,55.38
8-12,6,Thursday,fog,0,2600.0,14.8,100,50.83
8-12,5,Wednesday,rain,0,2600.0,14.8,100,47.47
8-12,12,Monday,rain,0,2600.0,14.8,100,49.79
8-12,17,Sunday,clear,1,2600.0,14.8,100,48.23
8-12,21,Saturday,cloudy,0,2600.0,14.8,100,53.02
8-12,20,Tuesday,clear,1,2600.0,14.8,100,54.0
8-12,23,Tuesday,clear,0,2600.0,14.8,100,54.32
8-12,21,Friday,cloudy,0,2600.0,14.8,102.69,55.33
8-12,3,Sunday,fog,1,2600.0,14.8,100,49.88
8-12,10,Wednesday,cloudy,0,2600.0,14.8,123.9,44.04
8-12,0,Wednesday,clear,1,2600.0,14.8,100,51.72
8-12,2,Saturday,cloudy,0,2600.0,14.8,142.51,52.48
8-12,5,Sunday,rain,1,2600.0,14.8,100,47.38
8-12,5,Sunday,rain,1,2600.0,14.8,100,50.95
8-12,8,Tuesday,cloudy,1,2600.0,14.8,100,46.2
8-12,0,Sunday,rain,0,2600.0,14.8,100,49.18
8-12,19,Saturday,rain,0,2600.0,14.8,100,40.71
8-12,9,Friday,rain,0,2600.0,14.8,100,40.21
8-12,12,Monday,clear,0,2600.0,14.8,100,55.55
8-12,22,Tuesday,clear,1,2600.0,14.8,100,53.03
8-12,10,Wednesday,fog,1,2600.0,14.8,100,43.05
8-12,13,Friday,cloudy,0,2600.0,14.8,100,54.62
8-12,17,Saturday,rain,0,2600.0,14.8,100,45.86
8-12,20,Monday,clear,0,2600.0,14.8,100,54.81
8-12,12,Saturday,cloudy,0,2600.0,14.8,100,54.6
8-12,16,Saturday,cloudy,1,2600.0,14.8,100,45.33
8-12,19,Wednesday,rain,1,2600.0,14.8,137.99,43.33
8-12,13,Tuesday,fog,0,2600.0,14.8,100,50.41
8-12,3,Tuesday,cloudy,1,2600.0,14.8,100,53.54
8-12,3,Tuesday,rain,1,2600.0,14.8,100,49.52
8-12,4,Thursday,clear,0,2600.0,14.8,100,56.12
8-12,1,Saturday,clear,0,2600.0,14.8,115.97,56.36
8-12,16,Tuesday,fog,0,2600.0,14.8,100,47.17
8-12,9,Wednesday,rain,0,2600.0,14.8,102.49,42.83
8-12,8,Monday,rain,0,2600.0,14.8,100,40.12
8-12,8,Friday,rain,0,2600.0,14.8,100,44.39
8-12,4,Monday,fog,1,2600.0,14.8,100,48.7
8-12,18,Wednesday,clear,0,2600.0,14.8,100,47.97
8-12,2,Thursday,cloudy,0,2600.0,14.8,100,51.59
8-12,12,Wednesday,clear,0,2600.0,14.8,100,51.31
8-12,6,Tuesday,cloudy,0,2600.0,14.8,100,52.75
8-12,22,Saturday,fog,0,2600.0,14.8,100,52.57
8-12,8,Wednesday,clear,0,2600.0,14.8,100,47.48
8-12,12,Friday,rain,0,2600.0,14.8,100,47.48
8-12,10,Sunday,fog,0,2600.0,14.8,100,45.35
8-12,4,Monday,fog,0,2600.0,14.8,130.36,48.82
8-12,23,Monday,rain,0,2600.0,14.8,100,50.25
8-12,18,Wednesday,clear,0,2600.0,14.8,100,51.5
8-12,3,Saturday,rain,0,2600.0,14.8,100,50.24
8-12,3,Wednesday,clear,1,2600.0,14.8,100,56.92
8-12,11,Wednesday,cloudy,1,2600.0,14.8,100,54.32
8-12,23,Wednesday,rain,0,2600.0,14.8,120.0,47.84
8-12,17,Wednesday,cloudy,0,2600.0,14.8,100,47.81
8-12,6,Monday,cloudy,0,2600.0,14.8,100,55.32
8-12,13,Tuesday,rain,0,2600.0,14.8,100,45.78
8-12,20,Wednesday,clear,0,2600.0,14.8,100,54.55
8-12,15,Wednesday,rain,0,2600.0,14.8,100,43.22
8-12,20,Saturday,rain,0,2600.0,14.8,100,49.15
8-12,19,Sunday,cloudy,0,2600.0,14.8,100,48.11
8-12,5,Tuesday,clear,0,2600.0,14.8,100,53.96
8-12,8,Wednesday,clear,0,2600.0,14.8,100,46.1
8-12,7,Wednesday,cloudy,0,2600.0,14.8,100,44.44
8-12,19,Saturday,clear,1,2600.0,14.8,100,47.7
8-12,10,Friday,cloudy,0,2600.0,14.8,100,49.24
8-12,13,Sunday,cloudy,0,2600.0,14.8,100,51.08
8-12,9,Saturday,clear,0,2600.0,14.8,100,48.91
8-12,3,Thursday,rain,0,2600.0,14.8,100,46.61
8-12,1,Tuesday,fog,1,2600.0,14.8,100,50.17
8-12,8,Wednesday,fog,0,2600.0,14.8,144.8,41.27
8-12,8,Saturday,cloudy,0,2600.0,14.8,100,44.78
8-12,16,Friday,cloudy,1,2600.0,14.8,100,45.63
8-12,21,Friday,clear,1,2600.0,14.8,100,53.41
8-12,18,Thursday,cloudy,1,2600.0,14.8,100,50.15
8-12,8,Wednesday,cloudy,1,2600.0,14.8,100,47.44
8-12,4,Saturday,fog,0,2600.0,14.8,100,50.47
8-12,5,Sunday,cloudy,0,2600.0,14.8,100,52.48
8-12,23,Thursday,cloudy,0,2600.0,14.8,100,52.77
8-12,4,Thursday,rain,0,2600.0,14.8,117.69,50.86
8-12,12,Friday,fog,1,2600.0,14.8,100,52.18
8-12,4,Friday,rain,0,2600.0,14.8,100,46.11
8-12,7,Thursday,clear,0,2600.0,14.8,100,50.32
8-12,5,Thursday,rain,0,2600.0,14.8,100,46.75
8-12,20,Saturday,rain,0,2600.0,14.8,100,47.09
8-12,19,Sunday,cloudy,1,2600.0,14.8,100,48.97
8-12,6,Thursday,cloudy,0,2600.0,14.8,100,54.3
8-12,23,Monday,fog,0,2600.0,14.8,100,51.0
8-12,10,Sunday,cloudy,0,2600.0,14.8,100,47.59
8-12,3,Saturday,cloudy,0,2600.0,14.8,100,53.39
8-12,8,Wednesday,cloudy,0,2600.0,14.8,100,47.26
8-12,15,Thursday,fog,0,2600.0,14.8,115.84,41.92
8-12,2,Sunday,cloudy,1,2600.0,14.8,100,52.56
8-12,3,Wednesday,rain,0,2600.0,14.8,115.03,45.21
8-12,13,Monday,clear,0,2600.0,14.8,127.7,51.34
8-12,22,Saturday,fog,0,2600.0,14.8,125.59,52.45
8-12,20,Saturday,fog,0,2600.0,14.8,100,52.51
8-12,4,Thursday,fog,0,2600.0,14.8,100,47.57
8-12,5,Sunday,rain,0,2600.0,14.8,128.0,49.71
8-12,18,Monday,fog,1,2600.0,14.8,100,43.25
8-12,19,Sunday,clear,1,2600.0,14.8,100,48.89
8-12,19,Thursday,fog,0,2600.0,14.8,100,46.25
8-12,19,Sunday,clear,0,2600.0,14.8,100,51.68
8-12,14,Monday,rain,0,2600.0,14.8,100,46.65
8-12,10,Thursday,cloudy,0,2600.0,14.8,141.54,49.34
8-12,20,Friday,fog,0,2600.0,14.8,100,51.94
8-12,8,Tuesday,clear,0,2600.0,14.8,100,47.13
8-12,21,Tuesday,cloudy,1,2600.0,14.8,100,50.65
8-12,6,Sunday,clear,0,2600.0,14.8,100,55.91
8-12,22,Sunday,clear,1,2600.0,14.8,100,54.41
8-12,22,Sunday,rain,1,2600.0,14.8,100,49.02
8-12,21,Thursday,cloudy,0,2600.0,14.8,100,53.3
8-12,21,Saturday,clear,1,2600.0,14.8,100,52.43
9-10,4,Sunday,rain,1,1900.0,2.1,100,46.94
9-10,8,Wednesday,clear,1,1900.0,2.1,100,49.09
9-10,15,Tuesday,fog,0,1900.0,2.1,100,44.99
9-10,8,Friday,clear,0,1900.0,2.1,147.06,46.09
9-10,12,Friday,clear,0,1900.0,2.1,100,54.6
9-10,6,Friday,clear,0,1900.0,2.1,100,52.7
9-10,20,Monday,cloudy,0,1900.0,2.1,100,51.41
9-10,9,Tuesday,clear,0,1900.0,2.1,100,47.98
9-10,17,Friday,fog,0,1900.0,2.1,100,47.08
9-10,12,Monday,fog,0,1900.0,2.1,123.05,51.03
9-10,19,Tuesday,rain,0,1900.0,2.1,100,43.43
9-10,7,Sunday,cloudy,0,1900.0,2.1,100,44.49
9-10,10,Monday,cloudy,1,1900.0,2.1,100,47.28
9-10,20,Wednesday,fog,0,1900.0,2.1,100,51.14
9-10,17,Thursday,cloudy,0,1900.0,2.1,100,49.71
9-10,15,Wednesday,rain,0,1900.0,2.1,147.21,39.86
9-10,9,Sunday,clear,0,1900.0,2.1,131.1,47.95
9-10,15,Friday,rain,0,1900.0,2.1,100,42.48
9-10,18,Tuesday,cloudy,1,1900.0,2.1,109.93,49.96
9-10,11,Friday,clear,0,1900.0,2.1,100,54.71
9-10,22,Sunday,cloudy,0,1900.0,2.1,118.49,50.82
9-10,0,Monday,rain,1,1900.0,2.1,100,45.43
9-10,21,Saturday,fog,0,1900.0,2.1,100,49.79
9-10,19,Thursday,fog,0,1900.0,2.1,100,44.24
9-10,18,Sunday,fog,1,1900.0,2.1,100,42.6
9-10,5,Wednesday,clear,0,1900.0,2.1,130.14,51.58
9-10,8,Thursday,rain,0,1900.0,2.1,100,44.54
9-10,11,Wednesday,clear,0,1900.0,2.1,100,56.11
9-10,2,Wednesday,rain,1,1900.0,2.1,131.02,44.79
9-10,1,Saturday,clear,0,1900.0,2.1,123.45,52.97
9-10,10,Sunday,clear,0,1900.0,2.1,142.34,44.39
9-10,20,Sunday,fog,0,1900.0,2.1,100,49.64
9-10,15,Wednesday,rain,1,1900.0,2.1,100,43.84
9-10,10,Tuesday,clear,1,1900.0,2.1,100,49.06
9-10,12,Wednesday,cloudy,0,1900.0,2.1,100,52.74
9-10,0,Saturday,clear,0,1900.0,2.1,100,56.52
9-10,20,Tuesday,clear,0,1900.0,2.1,100,51.08
9-10,5,Thursday,fog,0,1900.0,2.1,104.59,48.68
9-10,23,Saturday,fog,0,1900.0,2.1,100,51.2
9-10,15,Wednesday,rain,0,1900.0,2.1,100,44.15
9-10,2,Monday,rain,0,1900.0,2.1,100,44.78
9-10,20,Monday,cloudy,0,1900.0,2.1,100,54.25
9-10,15,Thursday,fog,1,1900.0,2.1,100,45.83
9-10,16,Tuesday,cloudy,0,1900.0,2.1,100,46.39
9-10,12,Saturday,fog,1,1900.0,2.1,100,51.17
9-10,6,Thursday,fog,0,1900.0,2.1,100,51.02
9-10,2,Wednesday,fog,0,1900.0,2.1,100,50.55
9-10,8,Sunday,rain,0,1900.0,2.1,100,43.69
9-10,12,Sunday,cloudy,0,1900.0,2.1,100,53.24
9-10,13,Thursday,rain,0,1900.0,2.1,100,47.38
9-10,1,Friday,fog,0,1900.0,2.1,100,49.0
9-10,22,Monday,clear,1,1900.0,2.1,113.52,53.2
9-10,15,Tuesday,fog,0,1900.0,2.1,100,46.7
9-10,2,Saturday,rain,0,1900.0,2.1,100,46.89
9-10,0,Monday,cloudy,0,1900.0,2.1,112.46,54.51
9-10,11,Wednesday,cloudy,0,1900.0,2.1,100,53.69
9-10,6,Tuesday,clear,1,1900.0,2.1,104.92,54.05
9-10,6,Saturday,rain,1,1900.0,2.1,100,50.34
9-10,23,Wednesday,cloudy,0,1900.0,2.1,100,53.53
9-10,18,Saturday,fog,0,1900.0,2.1,136.53,42.51
9-10,14,Wednesday,cloudy,1,1900.0,2.1,100,51.02
9-10,5,Saturday,fog,0,1900.0,2.1,111.82,48.57
9-10,14,Wednesday,rain,0,1900.0,2.1,100,50.64
9-10,22,Monday,clear,0,1900.0,2.1,100,54.88
9-10,17,Saturday,cloudy,0,1900.0,2.1,100,47.76
9-10,8,Thursday,clear,0,1900.0,2.1,100,45.31
9-10,10,Friday,rain,1,1900.0,2.1,137.76,42.98
9-10,0,Friday,clear,0,1900.0,2.1,100,52.15
9-10,3,Saturday,rain,1,1900.0,2.1,100,49.5
9-10,15,Wednesday,fog,1,1900.0,2.1,112.16,45.25
9-10,4,Sunday,fog,0,1900.0,2.1,100,47.96
9-10,19,Monday,cloudy,1,1900.0,2.1,124.36,46.57
9-10,8,Thursday,fog,0,1900.0,2.1,100,44.4
9-10,16,Saturday,clear,0,1900.0,2.1,137.45,48.14
9-10,5,Wednesday,cloudy,0,1900.0,2.1,100,54.46
9-10,21,Tuesday,clear,1,1900.0,2.1,134.81,52.84
9-10,4,Friday,clear,0,1900.0,2.1,105.78,51.65
9-10,9,Tuesday,cloudy,0,1900.0,2.1,100,43.75
9-10,14,Saturday,rain,1,1900.0,2.1,100,48.96
9-10,5,Monday,clear,0,1900.0,2.1,135.73,55.15
9-10,20,Sunday,fog,0,1900.0,2.1,100,50.13
9-10,8,Thursday,clear,0,1900.0,2.1,100,49.9
9-10,13,Wednesday,cloudy,0,1900.0,2.1,100,49.84
9-10,20,Sunday,clear,0,1900.0,2.1,100,54.99
9-10,14,Saturday,fog,0,1900.0,2.1,100,49.41
9-10,4,Monday,fog,0,1900.0,2.1,100,52.27
9-10,7,Tuesday,clear,0,1900.0,2.1,100,44.97
9-10,11,Friday,fog,1,1900.0,2.1,100,51.8
9-10,7,Monday,clear,0,1900.0,2.1,100,46.51
9-10,17,Tuesday,fog,1,1900.0,2.1,100,44.37
9-10,16,Monday,cloudy,1,1900.0,2.1,100,46.41
9-10,8,Tuesday,rain,0,1900.0,2.1,100,41.91
9-10,9,Friday,fog,0,1900.0,2.1,100,45.54
9-10,22,Tuesday,clear,0,1900.0,2.1,104.85,52.7
9-10,2,Saturday,fog,0,1900.0,2.1,100,48.66
9-10,10,Tuesday,cloudy,0,1900.0,2.1,114.61,45.04
9-10,8,Friday,cloudy,0,1900.0,2.1,138.95,47.76
9-10,7,Monday,clear,1,1900.0,2.1,120.27,48.14
9-10,4,Sunday,rain,0,1900.0,2.1,100,44.82
9-10,0,Wednesday,cloudy,0,1900.0,2.1,100,51.92
9-10,15,Thursday,fog,0,1900.0,2.1,142.44,43.24
9-10,0,Sunday,rain,0,1900.0,2.1,100,49.14
9-10,14,Sunday,fog,0,1900.0,2.1,100,49.0
9-10,3,Sunday,rain,0,1900.0,2.1,100,46.92
9-10,23,Monday,cloudy,0,1900.0,2.1,101.17,55.0
9-10,8,Thursday,rain,0,1900.0,2.1,100.21,39.71
9-10,3,Saturday,fog,0,1900.0,2.1,100,50.28
9-10,22,Friday,cloudy,0,1900.0,2.1,112.72,50.46
9-10,0,Wednesday,fog,0,1900.0,2.1,100,51.93
9-10,14,Tuesday,cloudy,0,1900.0,2.1,100,52.76
9-10,20,Monday,rain,0,1900.0,2.1,100,46.59
9-10,11,Monday,cloudy,0,1900.0,2.1,100,53.24
9-10,5,Sunday,cloudy,0,1900.0,2.1,100,51.17
9-10,18,Saturday,rain,0,1900.0,2.1,100,41.83
9-10,1,Sunday,rain,0,1900.0,2.1,100,49.8
9-10,0,Wednesday,cloudy,1,1900.0,2.1,100,51.64
9-10,0,Friday,rain,1,1900.0,2.1,100,48.51
9-10,2,Friday,cloudy,0,1900.0,2.1,100,51.46
9-10,23,Sunday,clear,0,1900.0,2.1,100,55.63
9-10,16,Wednesday,fog,0,1900.0,2.1,100,46.6
10-11,18,Sunday,clear,1,2400.0,8.7,100,46.27
10-11,19,Thursday,fog,0,2400.0,8.7,100,45.73
10-11,20,Friday,rain,1,2400.0,8.7,100,46.39
10-11,13,Saturday,clear,0,2400.0,8.7,100,53.13
10-11,1,Friday,fog,0,2400.0,8.7,100,51.29
10-11,0,Friday,clear,0,2400.0,8.7,100,56.95
10-11,9,Wednesday,rain,0,2400.0,8.7,100,44.84
10-11,6,Friday,rain,0,2400.0,8.7,100,47.14
10-11,16,Tuesday,cloudy,0,2400.0,8.7,100,48.97
10-11,14,Monday,cloudy,0,2400.0,8.7,100,55.56
10-11,17,Wednesday,fog,0,2400.0,8.7,100,42.18
10-11,12,Sunday,cloudy,0,2400.0,8.7,100,54.97
10-11,1,Tuesday,fog,0,2400.0,8.7,100,48.88
10-11,21,Thursday,cloudy,1,2400.0,8.7,100,54.75
10-11,7,Monday,fog,0,2400.0,8.7,100,43.48
10-11,21,Saturday,rain,0,2400.0,8.7,100,46.84
10-11,18,Saturday,rain,0,2400.0,8.7,100,40.59
10-11,2,Friday,rain,0,2400.0,8.7,100,46.41
10-11,15,Sunday,fog,0,2400.0,8.7,100,44.08
10-11,20,Monday,rain,1,2400.0,8.7,100,47.7
10-11,7,Monday,clear,1,2400.0,8.7,100,47.52
10-11,23,Monday,cloudy,0,2400.0,8.7,100,54.08
10-11,15,Sunday,clear,1,2400.0,8.7,100,49.06
10-11,9,Saturday,fog,0,2400.0,8.7,100,44.67
10-11,5,Thursday,fog,0,2400.0,8.7,100,51.85
10-11,11,Wednesday,cloudy,0,2400.0,8.7,100,53.49
10-11,5,Sunday,cloudy,1,2400.0,8.7,100,51.83
10-11,12,Thursday,fog,0,2400.0,8.7,100,47.5
10-11,15,Thursday,fog,1,2400.0,8.7,100,47.31
10-11,4,Friday,rain,0,2400.0,8.7,100,45.89
10-11,23,Monday,fog,0,2400.0,8.7,149.52,49.4
10-11,14,Sunday,clear,0,2400.0,8.7,100,53.71
10-11,3,Friday,clear,0,2400.0,8.7,140.23,56.36
10-11,20,Friday,fog,1,2400.0,8.7,100,47.29
10-11,22,Wednesday,clear,0,2400.0,8.7,100,51.58
10-11,19,Friday,clear,0,2400.0,8.7,100,48.65
10-11,5,Tuesday,cloudy,0,2400.0,8.7,100,50.94
10-11,21,Saturday,clear,1,2400.0,8.7,100,51.36
10-11,0,Sunday,fog,0,2400.0,8.7,100,49.96
10-11,14,Monday,rain,0,2400.0,8.7,100,48.62
10-11,9,Tuesday,rain,0,2400.0,8.7,100,39.2
10-11,8,Monday,fog,1,2400.0,8.7,100,43.02
10-11,19,Saturday,rain,0,2400.0,8.7,100,40.77
10-11,21,Tuesday,rain,0,2400.0,8.7,100,49.91
10-11,19,Thursday,clear,1,2400.0,8.7,143.16,46.35
10-11,7,Monday,clear,0,2400.0,8.7,100,47.94
10-11,9,Sunday,cloudy,0,2400.0,8.7,100,47.58
10-11,1,Saturday,rain,0,2400.0,8.7,101.21,46.14
10-11,9,Saturday,rain,0,2400.0,8.7,100,40.82
10-11,13,Tuesday,fog,0,2400.0,8.7,100,50.73
10-11,21,Saturday,fog,0,2400.0,8.7,100,47.72
10-11,14,Saturday,clear,0,2400.0,8.7,100,56.11
10-11,14,Tuesday,clear,0,2400.0,8.7,100,54.39
10-11,4,Friday,clear,0,2400.0,8.7,100,55.15
10-11,20,Saturday,cloudy,0,2400.0,8.7,100,54.55
10-11,9,Monday,clear,0,2400.0,8.7,100,45.49
10-11,9,Thursday,clear,1,2400.0,8.7,100,50.46
10-11,16,Sunday,rain,0,2400.0,8.7,100,40.9
10-11,20,Sunday,fog,0,2400.0,8.7,100,50.03
10-11,22,Monday,rain,0,2400.0,8.7,100,47.02
10-11,18,Friday,rain,1,2400.0,8.7,100,41.3
10-11,4,Monday,cloudy,0,2400.0,8.7,100,55.83
10-11,12,Thursday,rain,1,2400.0,8.7,100,49.29
10-11,7,Tuesday,cloudy,0,2400.0,8.7,100,47.27
10-11,8,Saturday,fog,0,2400.0,8.7,100,41.65
10-11,11,Friday,fog,0,2400.0,8.7,100,48.2
10-11,22,Tuesday,clear,0,2400.0,8.7,100,55.63
10-11,9,Thursday,cloudy,0,2400.0,8.7,100,49.11
10-11,6,Friday,cloudy,0,2400.0,8.7,100,52.65
10-11,6,Sunday,rain,0,2400.0,8.7,100,47.54
10-11,21,Tuesday,rain,0,2400.0,8.7,116.99,47.77
10-11,1,Sunday,fog,0,2400.0,8.7,100,50.72
10-11,15,Thursday,fog,1,2400.0,8.7,100,43.59
10-11,22,Saturday,rain,0,2400.0,8.7,100,47.3
10-11,17,Monday,clear,0,2400.0,8.7,100,47.16
10-11,14,Sunday,rain,0,2400.0,8.7,100,50.68
10-11,10,Friday,cloudy,0,2400.0,8.7,100,48.24
10-11,12,Sunday,rain,1,2400.0,8.7,100,50.83
10-11,17,Friday,rain,1,2400.0,8.7,100,40.91
10-11,18,Friday,cloudy,0,2400.0,8.7,144.11,46.4
10-11,10,Monday,cloudy,0,2400.0,8.7,100,45.26
10-11,6,Sunday,fog,1,2400.0,8.7,100,48.41
10-11,13,Sunday,cloudy,1,2400.0,8.7,100,51.28
10-11,13,Sunday,cloudy,0,2400.0,8.7,100,51.08
10-11,5,Tuesday,fog,0,2400.0,8.7,100,52.91
10-11,0,Saturday,fog,0,2400.0,8.7,100,51.23
10-11,23,Monday,fog,0,2400.0,8.7,100,48.07
10-11,23,Wednesday,fog,0,2400.0,8.7,100,47.79
10-11,8,Saturday,fog,0,2400.0,8.7,100,43.84
10-11,17,Monday,rain,0,2400.0,8.7,100,42.6
10-11,18,Sunday,cloudy,0,2400.0,8.7,100,50.93
10-11,2,Thursday,clear,1,2400.0,8.7,100,53.75
10-11,4,Sunday,rain,0,2400.0,8.7,100,50.54
10-11,20,Saturday,rain,0,2400.0,8.7,100,45.6
10-11,15,Sunday,cloudy,1,2400.0,8.7,100,50.91
10-11,20,Wednesday,clear,1,2400.0,8.7,100,51.57
10-11,4,Saturday,rain,0,2400.0,8.7,100,46.37
10-11,20,Sunday,fog,0,2400.0,8.7,100,50.57
10-11,0,Wednesday,fog,0,2400.0,8.7,100,47.27
10-11,7,Wednesday,cloudy,0,2400.0,8.7,100,45.23
10-11,7,Thursday,clear,0,2400.0,8.7,100,49.08
10-11,6,Wednesday,fog,0,2400.0,8.7,100,47.35
10-11,7,Monday,rain,0,2400.0,8.7,100,41.56
10-11,8,Saturday,cloudy,1,2400.0,8.7,100,44.05
10-11,13,Monday,clear,1,2400.0,8.7,100,52.36
10-11,14,Wednesday,cloudy,0,2400.0,8.7,100,55.17
10-11,7,Sunday,cloudy,0,2400.0,8.7,116.36,48.37
10-11,21,Sunday,clear,0,2400.0,8.7,100,52.57
10-11,5,Saturday,cloudy,0,2400.0,8.7,100,55.77
10-11,15,Friday,fog,0,2400.0,8.7,100,43.03
10-11,20,Friday,rain,0,2400.0,8.7,100,47.47
10-11,3,Thursday,cloudy,0,2400.0,8.7,100,51.63
10-11,15,Saturday,fog,0,2400.0,8.7,100,45.28
10-11,1,Monday,fog,0,2400.0,8.7,100,48.85
10-11,14,Friday,fog,0,2400.0,8.7,100,51.43
10-11,10,Wednesday,clear,1,2400.0,8.7,100,48.05
10-11,5,Sunday,cloudy,1,2400.0,8.7,100,51.78
10-11,7,Tuesday,cloudy,1,2400.0,8.7,100,45.85
10-11,20,Sunday,fog,0,2400.0,8.7,100,52.3
10-11,15,Wednesday,rain,0,2400.0,8.7,100,45.12
11-F2,12,Sunday,fog,0,2200.0,3.6,100,50.61
11-F2,22,Thursday,fog,1,2200.0,3.6,100,51.04
11-F2,3,Tuesday,cloudy,0,2200.0,3.6,100,51.55
11-F2,3,Tuesday,fog,0,2200.0,3.6,100,51.76
11-F2,11,Sunday,fog,0,2200.0,3.6,111.8,49.29
11-F2,9,Wednesday,fog,0,2200.0,3.6,100,43.75
11-F2,5,Wednesday,cloudy,0,2200.0,3.6,100,52.76
11-F2,6,Monday,clear,0,2200.0,3.6,100,53.27
11-F2,8,Wednesday,clear,0,2200.0,3.6,100,45.86
11-F2,3,Wednesday,rain,0,2200.0,3.6,100,50.18
11-F2,1,Friday,rain,1,2200.0,3.6,100,49.05
11-F2,22,Tuesday,clear,0,2200.0,3.6,100,54.86
11-F2,0,Tuesday,fog,0,2200.0,3.6,100,50.06
11-F2,18,Saturday,cloudy,1,2200.0,3.6,100,50.05
11-F2,22,Wednesday,cloudy,0,2200.0,3.6,100,50.25
11-F2,11,Thursday,cloudy,0,2200.0,3.6,100,50.17
11-F2,16,Wednesday,fog,1,2200.0,3.6,100,42.11
11-F2,14,Tuesday,fog,1,2200.0,3.6,100,48.37
11-F2,0,Thursday,fog,0,2200.0,3.6,100,47.57
11-F2,13,Thursday,cloudy,0,2200.0,3.6,100,53.19
11-F2,3,Friday,cloudy,1,2200.0,3.6,100,50.98
11-F2,13,Wednesday,cloudy,1,2200.0,3.6,100,50.18
11-F2,17,Tuesday,clear,1,2200.0,3.6,100,48.05
11-F2,22,Thursday,clear,0,2200.0,3.6,121.33,53.07
11-F2,16,Tuesday,fog,1,2200.0,3.6,100,46.45
11-F2,19,Monday,fog,0,2200.0,3.6,100,46.05
11-F2,3,Sunday,clear,0,2200.0,3.6,136.66,52.42
11-F2,23,Tuesday,rain,0,2200.0,3.6,120.47,47.17
11-F2,20,Tuesday,cloudy,0,2200.0,3.6,100,55.37
11-F2,9,Sunday,rain,0,2200.0,3.6,100,44.24
11-F2,22,Friday,clear,0,2200.0,3.6,100,52.67
11-F2,16,Saturday,rain,1,2200.0,3.6,100,41.72
11-F2,10,Friday,fog,0,2200.0,3.6,100,42.82
11-F2,12,Sunday,fog,0,2200.0,3.6,100,51.45
11-F2,14,Wednesday,rain,0,2200.0,3.6,100,50.39
11-F2,6,Wednesday,fog,0,2200.0,3.6,100,52.51
11-F2,9,Tuesday,clear,0,2200.0,3.6,100,49.69
11-F2,0,Sunday,cloudy,1,2200.0,3.6,100,53.84
11-F2,0,Wednesday,cloudy,1,2200.0,3.6,100,53.14
11-F2,16,Tuesday,rain,0,2200.0,3.6,100,42.47
11-F2,4,Monday,fog,0,2200.0,3.6,100,49.66
11-F2,15,Saturday,cloudy,0,2200.0,3.6,100,47.75
11-F2,12,Sunday,fog,0,2200.0,3.6,100,48.07
11-F2,17,Wednesday,clear,0,2200.0,3.6,100,48.04
11-F2,15,Sunday,clear,0,2200.0,3.6,135.68,50.18
11-F2,12,Thursday,fog,0,2200.0,3.6,100,48.33
11-F2,11,Wednesday,fog,0,2200.0,3.6,116.33,51.3
11-F2,2,Wednesday,fog,0,2200.0,3.6,100,49.71
11-F2,23,Sunday,fog,0,2200.0,3.6,100,47.33
11-F2,4,Sunday,cloudy,0,2200.0,3.6,100,51.36
11-F2,1,Wednesday,clear,0,2200.0,3.6,100,56.69
11-F2,20,Saturday,cloudy,0,2200.0,3.6,100,54.88
11-F2,5,Sunday,fog,0,2200.0,3.6,100,52.33
11-F2,12,Friday,rain,0,2200.0,3.6,100,46.89
11-F2,7,Wednesday,cloudy,0,2200.0,3.6,100,49.61
11-F2,1,Saturday,fog,0,2200.0,3.6,100,50.35
11-F2,7,Monday,clear,0,2200.0,3.6,100,49.22
11-F2,6,Sunday,clear,0,2200.0,3.6,100,56.0
11-F2,5,Friday,fog,1,2200.0,3.6,100,48.09
11-F2,5,Saturday,rain,0,2200.0,3.6,100,47.38
11-F2,20,Friday,clear,1,2200.0,3.6,140.38,55.0
11-F2,2,Friday,fog,1,2200.0,3.6,100,48.38
11-F2,5,Friday,rain,0,2200.0,3.6,100,48.22
11-F2,14,Tuesday,clear,0,2200.0,3.6,112.81,56.25
11-F2,2,Wednesday,rain,0,2200.0,3.6,100,50.27
11-F2,6,Sunday,cloudy,0,2200.0,3.6,100,52.98
11-F2,10,Thursday,clear,0,2200.0,3.6,100,49.91
11-F2,23,Tuesday,cloudy,0,2200.0,3.6,100,53.26
11-F2,12,Friday,cloudy,0,2200.0,3.6,100,50.74
11-F2,1,Tuesday,clear,0,2200.0,3.6,100,53.78
11-F2,23,Tuesday,fog,0,2200.0,3.6,138.17,47.89
11-F2,17,Friday,rain,0,2200.0,3.6,100,42.98
11-F2,20,Monday,rain,1,2200.0,3.6,100,46.66
11-F2,2,Tuesday,fog,1,2200.0,3.6,100,51.54
11-F2,2,Saturday,cloudy,1,2200.0,3.6,138.15,54.27
11-F2,4,Wednesday,cloudy,0,2200.0,3.6,100,53.28
11-F2,11,Monday,rain,0,2200.0,3.6,100,48.46
11-F2,5,Saturday,clear,0,2200.0,3.6,100,51.93
11-F2,8,Thursday,clear,0,2200.0,3.6,100,50.63
11-F2,8,Saturday,clear,0,2200.0,3.6,100,50.04
11-F2,6,Monday,fog,0,2200.0,3.6,100,47.15
11-F2,16,Tuesday,fog,0,2200.0,3.6,100,42.66
11-F2,21,Saturday,rain,0,2200.0,3.6,100,49.69
11-F2,4,Thursday,clear,0,2200.0,3.6,100,53.68
11-F2,1,Sunday,clear,0,2200.0,3.6,100,51.26
11-F2,0,Wednesday,clear,0,2200.0,3.6,100,54.84
11-F2,11,Saturday,clear,1,2200.0,3.6,100,55.12
11-F2,13,Friday,cloudy,0,2200.0,3.6,100,55.44
11-F2,11,Sunday,rain,1,2200.0,3.6,100,44.97
11-F2,19,Friday,rain,1,2200.0,3.6,100,39.95
11-F2,11,Thursday,clear,0,2200.0,3.6,100,51.61
11-F2,7,Wednesday,clear,1,2200.0,3.6,100,46.46
11-F2,7,Saturday,clear,0,2200.0,3.6,100,48.62
11-F2,3,Friday,clear,0,2200.0,3.6,100,52.94
11-F2,17,Monday,clear,1,2200.0,3.6,100,48.77
11-F2,9,Monday,clear,0,2200.0,3.6,100,45.51
11-F2,19,Thursday,fog,0,2200.0,3.6,100,46.99
11-F2,20,Wednesday,fog,0,2200.0,3.6,100,47.46
11-F2,14,Monday,clear,0,2200.0,3.6,100,53.72
11-F2,1,Saturday,cloudy,1,2200.0,3.6,100,50.28
11-F2,6,Wednesday,fog,1,2200.0,3.6,100,48.82
11-F2,22,Wednesday,rain,0,2200.0,3.6,100,48.7
11-F2,7,Monday,fog,0,2200.0,3.6,100,41.82
11-F2,8,Thursday,rain,0,2200.0,3.6,144.34,40.43
11-F2,7,Sunday,fog,0,2200.0,3.6,100,44.19
11-F2,22,Saturday,cloudy,1,2200.0,3.6,100,55.51
11-F2,12,Wednesday,fog,0,2200.0,3.6,100,50.3
11-F2,0,Monday,rain,0,2200.0,3.6,100,48.58
11-F2,20,Tuesday,clear,0,2200.0,3.6,100,51.2
11-F2,16,Tuesday,fog,0,2200.0,3.6,100,42.8
11-F2,1,Wednesday,clear,1,2200.0,3.6,100,56.11
11-F2,1,Thursday,rain,0,2200.0,3.6,100,47.41
11-F2,13,Sunday,fog,0,2200.0,3.6,100,48.97
11-F2,10,Thursday,cloudy,0,2200.0,3.6,122.35,47.22
11-F2,14,Wednesday,fog,0,2200.0,3.6,100,48.4
11-F2,2,Thursday,fog,0,2200.0,3.6,100,51.48
11-F2,8,Saturday,clear,1,2200.0,3.6,100,50.76
11-F2,8,Sunday,rain,0,2200.0,3.6,100,42.38
11-F2,20,Monday,clear,0,2200.0,3.6,105.32,52.83
11-F2,15,Saturday,fog,1,2200.0,3.6,100,47.79
12-1,18,Tuesday,rain,0,2800.0,12.7,100,41.51
12-1,22,Monday,cloudy,0,2800.0,12.7,137.54,50.94
12-1,22,Tuesday,rain,1,2800.0,12.7,100,49.76
12-1,23,Sunday,clear,0,2800.0,12.7,100,56.47
12-1,17,Saturday,cloudy,0,2800.0,12.7,100,46.77
12-1,3,Sunday,clear,0,2800.0,12.7,100,51.84
12-1,17,Saturday,clear,0,2800.0,12.7,100,48.15
12-1,6,Saturday,fog,1,2800.0,12.7,100,48.36
12-1,7,Wednesday,clear,1,2800.0,12.7,100,45.46
12-1,19,Monday,cloudy,0,2800.0,12.7,100,45.19
12-1,10,Tuesday,cloudy,0,2800.0,12.7,100,46.36
12-1,18,Friday,rain,1,2800.0,12.7,100,41.67
12-1,18,Sunday,clear,0,2800.0,12.7,112.89,48.28
12-1,1,Friday,clear,0,2800.0,12.7,131.87,51.7
12-1,23,Saturday,clear,0,2800.0,12.7,100,56.66
12-1,8,Thursday,fog,0,2800.0,12.7,100,46.92
12-1,14,Friday,clear,0,2800.0,12.7,100,55.75
12-1,18,Monday,rain,1,2800.0,12.7,100,41.32
12-1,6,Wednesday,rain,0,2800.0,12.7,100,46.81
12-1,14,Wednesday,clear,0,2800.0,12.7,143.81,54.22
12-1,22,Tuesday,clear,0,2800.0,12.7,100,55.44
12-1,21,Thursday,cloudy,0,2800.0,12.7,100,55.25
12-1,11,Saturday,cloudy,0,2800.0,12.7,130.85,53.89
12-1,16,Saturday,rain,0,2800.0,12.7,107.03,44.85
12-1,5,Friday,rain,1,2800.0,12.7,100,49.74
12-1,2,Saturday,cloudy,0,2800.0,12.7,100,51.37
12-1,6,Monday,fog,0,2800.0,12.7,100,49.55
12-1,5,Wednesday,rain,0,2800.0,12.7,101.35,48.73
12-1,17,Saturday,cloudy,0,2800.0,12.7,100,46.05
12-1,14,Tuesday,fog,0,2800.0,12.7,100,47.29
12-1,1,Tuesday,fog,0,2800.0,12.7,100,47.89
12-1,0,Tuesday,clear,1,2800.0,12.7,100,55.34
12-1,3,Sunday,clear,1,2800.0,12.7,100,56.53
12-1,22,Friday,fog,0,2800.0,12.7,100,52.36
12-1,10,Thursday,clear,0,2800.0,12.7,100,49.36
12-1,20,Sunday,rain,0,2800.0,12.7,100,48.41
12-1,2,Monday,fog,0,2800.0,12.7,100,49.3
12-1,0,Saturday,cloudy,1,2800.0,12.7,113.2,54.5
12-1,17,Sunday,rain,0,2800.0,12.7,149.94,44.54
12-1,14,Monday,rain,0,2800.0,12.7,100,48.25
12-1,15,Wednesday,fog,0,2800.0,12.7,100,43.96
12-1,6,Monday,clear,0,2800.0,12.7,100,53.58
12-1,15,Thursday,cloudy,0,2800.0,12.7,100,45.24
12-1,22,Monday,cloudy,1,2800.0,12.7,123.44,55.04
12-1,11,Friday,clear,0,2800.0,12.7,100,51.69
12-1,13,Sunday,fog,0,2800.0,12.7,100,47.41
12-1,15,Saturday,fog,0,2800.0,12.7,100,44.18
12-1,10,Monday,clear,0,2800.0,12.7,100,45.3
12-1,17,Thursday,fog,0,2800.0,12.7,100,42.42
12-1,22,Thursday,rain,1,2800.0,12.7,100,47.07
12-1,21,Saturday,cloudy,0,2800.0,12.7,103.76,50.23
12-1,16,Monday,cloudy,0,2800.0,12.7,100,48.46
12-1,11,Thursday,clear,0,2800.0,12.7,100,56.92
12-1,3,Thursday,clear,0,2800.0,12.7,100,55.41
12-1,17,Saturday,clear,1,2800.0,12.7,100,50.4
12-1,5,Wednesday,cloudy,0,2800.0,12.7,100,52.54
12-1,22,Monday,rain,0,2800.0,12.7,100,49.19
12-1,21,Thursday,clear,1,2800.0,12.7,100,55.51
12-1,7,Thursday,rain,1,2800.0,12.7,100,40.19
12-1,0,Saturday,fog,0,2800.0,12.7,118.72,50.72
12-1,14,Wednesday,clear,1,2800.0,12.7,100,53.28
12-1,7,Friday,fog,0,2800.0,12.7,100,44.84
12-1,21,Saturday,fog,0,2800.0,12.7,100,52.36
12-1,13,Tuesday,clear,1,2800.0,12.7,100,55.94
12-1,14,Tuesday,cloudy,0,2800.0,12.7,100,50.61
12-1,23,Thursday,clear,0,2800.0,12.7,100.83,53.6
12-1,2,Wednesday,cloudy,0,2800.0,12.7,120.06,50.31
12-1,7,Monday,clear,0,2800.0,12.7,136.92,48.13
12-1,5,Saturday,cloudy,0,2800.0,12.7,100,52.78
12-1,7,Friday,cloudy,0,2800.0,12.7,100,48.47
12-1,15,Wednesday,cloudy,0,2800.0,12.7,122.54,46.68
12-1,23,Wednesday,rain,0,2800.0,12.7,100,45.3
12-1,1,Monday,cloudy,0,2800.0,12.7,115.48,51.93
12-1,0,Saturday,fog,0,2800.0,12.7,100,48.67
12-1,22,Monday,rain,1,2800.0,12.7,100,48.61
12-1,19,Monday,fog,0,2800.0,12.7,100,47.32
12-1,15,Friday,clear,0,2800.0,12.7,100,48.55
12-1,19,Wednesday,clear,1,2800.0,12.7,100,48.55
12-1,12,Saturday,rain,0,2800.0,12.7,114.17,47.11
12-1,17,Monday,fog,1,2800.0,12.7,100,46.96
12-1,12,Friday,clear,1,2800.0,12.7,100,51.56
12-1,11,Sunday,rain,0,2800.0,12.7,127.62,50.19
12-1,6,Thursday,rain,1,2800.0,12.7,100,45.96
12-1,5,Saturday,clear,1,2800.0,12.7,134.68,53.11
12-1,8,Tuesday,clear,0,2800.0,12.7,100,48.09
12-1,10,Wednesday,fog,0,2800.0,12.7,131.72,45.41
12-1,21,Thursday,fog,1,2800.0,12.7,100,51.86
12-1,10,Friday,fog,0,2800.0,12.7,107.2,46.58
12-1,15,Tuesday,rain,1,2800.0,12.7,100,40.49
12-1,7,Friday,cloudy,0,2800.0,12.7,105.11,45.82
12-1,6,Monday,clear,0,2800.0,12.7,100,53.03
12-1,20,Sunday,fog,0,2800.0,12.7,100,50.53
12-1,20,Thursday,clear,0,2800.0,12.7,100,51.16
12-1,6,Wednesday,cloudy,0,2800.0,12.7,109.72,50.93
12-1,18,Thursday,cloudy,0,2800.0,12.7,100,51.07
12-1,22,Wednesday,rain,0,2800.0,12.7,100,48.38
12-1,4,Tuesday,fog,0,2800.0,12.7,111.39,50.83
12-1,23,Saturday,cloudy,0,2800.0,12.7,138.61,51.31
12-1,22,Saturday,rain,0,2800.0,12.7,100,45.91
12-1,16,Monday,clear,1,2800.0,12.7,100,48.64
12-1,11,Sunday,cloudy,0,2800.0,12.7,100,53.8
12-1,16,Saturday,fog,0,2800.0,12.7,100,47.43
12-1,9,Wednesday,clear,0,2800.0,12.7,100,46.98
12-1,8,Monday,clear,0,2800.0,12.7,100,46.84
12-1,19,Sunday,clear,0,2800.0,12.7,100,47.23
12-1,11,Wednesday,fog,1,2800.0,12.7,100,51.3
12-1,16,Wednesday,fog,0,2800.0,12.7,100,42.98
12-1,9,Thursday,rain,0,2800.0,12.7,100,40.68
12-1,9,Saturday,fog,1,2800.0,12.7,147.21,46.19
12-1,17,Sunday,fog,0,2800.0,12.7,148.33,44.56
12-1,2,Tuesday,clear,0,2800.0,12.7,100,54.6
12-1,13,Monday,fog,0,2800.0,12.7,100,49.1
12-1,2,Friday,rain,0,2800.0,12.7,100,47.57
12-1,1,Saturday,cloudy,0,2800.0,12.7,100,52.23
12-1,13,Friday,cloudy,0,2800.0,12.7,117.57,55.77
12-1,15,Saturday,rain,0,2800.0,12.7,100,45.94
12-1,10,Monday,cloudy,1,2800.0,12.7,143.78,49.53
12-1,5,Wednesday,cloudy,1,2800.0,12.7,100,52.28
12-1,22,Monday,clear,1,2800.0,12.7,100,56.13
12-1,3,Wednesday,rain,0,2800.0,12.7,100,50.63
13-4,3,Tuesday,rain,0,4000.0,45.0,100,47.05
13-4,1,Friday,fog,0,4000.0,45.0,100,49.21
13-4,16,Sunday,rain,1,4000.0,45.0,100,42.71
13-4,4,Friday,fog,1,4000.0,45.0,141.54,50.62
13-4,5,Thursday,clear,1,4000.0,45.0,100,54.49
13-4,12,Wednesday,fog,1,4000.0,45.0,100,47.81
13-4,8,Thursday,rain,0,4000.0,45.0,100,44.82
13-4,3,Sunday,cloudy,0,4000.0,45.0,100,54.86
13-4,11,Tuesday,rain,0,4000.0,45.0,100,49.33
13-4,7,Saturday,fog,0,4000.0,45.0,100,41.77
13-4,8,Monday,rain,1,4000.0,45.0,100,39.69
13-4,20,Saturday,cloudy,0,4000.0,45.0,100,51.03
13-4,14,Saturday,cloudy,0,4000.0,45.0,100,51.1
13-4,4,Thursday,rain,0,4000.0,45.0,117.71,48.25
13-4,1,Monday,fog,0,4000.0,45.0,100,48.68
13-4,22,Sunday,clear,0,4000.0,45.0,100,54.56
13-4,14,Saturday,rain,0,4000.0,45.0,109.41,45.36
13-4,0,Wednesday,cloudy,0,4000.0,45.0,105.54,53.45
13-4,21,Thursday,fog,0,4000.0,45.0,100,52.29
13-4,14,Tuesday,cloudy,0,4000.0,45.0,100,54.4
13-4,18,Monday,fog,0,4000.0,45.0,100,45.39
13-4,23,Monday,rain,0,4000.0,45.0,100,50.07
13-4,21,Tuesday,fog,0,4000.0,45.0,135.26,52.7
13-4,10,Tuesday,clear,1,4000.0,45.0,100,49.73
13-4,9,Sunday,rain,1,4000.0,45.0,100,43.6
13-4,1,Thursday,cloudy,0,4000.0,45.0,100,52.16
13-4,11,Sunday,clear,1,4000.0,45.0,129.52,51.61
13-4,19,Sunday,fog,0,4000.0,45.0,132.15,45.08
13-4,23,Wednesday,fog,0,4000.0,45.0,100,52.36
13-4,4,Tuesday,fog,1,4000.0,45.0,100,52.6
13-4,4,Saturday,fog,0,4000.0,45.0,100,49.36
13-4,17,Tuesday,clear,0,4000.0,45.0,100,49.68
13-4,14,Tuesday,fog,0,4000.0,45.0,100.93,49.88
13-4,14,Friday,fog,1,4000.0,45.0,100,51.69
13-4,4,Sunday,rain,0,4000.0,45.0,143.07,48.44
13-4,13,Monday,rain,0,4000.0,45.0,100,51.3
13-4,15,Tuesday,rain,1,4000.0,45.0,100,42.36
13-4,4,Friday,clear,0,4000.0,45.0,100,52.24
13-4,18,Tuesday,cloudy,0,4000.0,45.0,100,49.7
13-4,19,Saturday,rain,1,4000.0,45.0,100,42.52
13-4,3,Monday,rain,0,4000.0,45.0,117.03,45.83
13-4,7,Thursday,rain,0,4000.0,45.0,100,40.79
13-4,9,Sunday,fog,0,4000.0,45.0,100,45.71
13-4,14,Saturday,clear,0,4000.0,45.0,100.5,55.1
13-4,8,Wednesday,cloudy,1,4000.0,45.0,100,50.37
13-4,15,Friday,cloudy,0,4000.0,45.0,149.25,46.59
13-4,13,Saturday,fog,0,4000.0,45.0,100,52.75
13-4,7,Saturday,fog,0,4000.0,45.0,120.55,41.6
13-4,15,Friday,clear,0,4000.0,45.0,100,48.59
13-4,8,Saturday,fog,0,4000.0,45.0,100,44.29
13-4,3,Saturday,fog,0,4000.0,45.0,100,51.89
13-4,10,Friday,cloudy,0,4000.0,45.0,100,48.59
13-4,19,Saturday,fog,0,4000.0,45.0,136.63,46.53
13-4,15,Thursday,clear,0,4000.0,45.0,100,47.59
13-4,12,Tuesday,fog,0,4000.0,45.0,100,51.29
13-4,4,Monday,rain,0,4000.0,45.0,100,49.11
13-4,11,Friday,fog,0,4000.0,45.0,100,51.76
13-4,19,Friday,cloudy,0,4000.0,45.0,100,49.99
13-4,16,Wednesday,fog,0,4000.0,45.0,149.64,45.49
13-4,22,Wednesday,rain,0,4000.0,45.0,100,48.38
13-4,16,Saturday,clear,1,4000.0,45.0,100,48.42
13-4,9,Friday,cloudy,0,4000.0,45.0,100,44.73
13-4,7,Monday,fog,1,4000.0,45.0,100,46.94
13-4,21,Thursday,rain,0,4000.0,45.0,100,49.56
13-4,19,Sunday,fog,0,4000.0,45.0,100,45.15
13-4,13,Saturday,fog,1,4000.0,45.0,100,50.76
13-4,0,Tuesday,cloudy,0,4000.0,45.0,100,53.13
13-4,21,Thursday,rain,0,4000.0,45.0,100,50.15
13-4,1,Saturday,cloudy,0,4000.0,45.0,100,52.76
13-4,5,Monday,rain,0,4000.0,45.0,100,51.32
13-4,22,Saturday,clear,1,4000.0,45.0,100,56.71
13-4,6,Wednesday,clear,0,4000.0,45.0,100,56.8
13-4,4,Monday,clear,0,4000.0,45.0,100,56.62
13-4,3,Tuesday,rain,0,4000.0,45.0,123.74,48.71
13-4,11,Tuesday,clear,1,4000.0,45.0,100,53.39
13-4,15,Sunday,rain,0,4000.0,45.0,100,40.84
13-4,6,Sunday,clear,0,4000.0,45.0,100,52.14
13-4,7,Thursday,clear,0,4000.0,45.0,100,48.5
13-4,2,Monday,rain,0,4000.0,45.0,124.84,47.09
13-4,8,Friday,fog,0,4000.0,45.0,100,42.82
13-4,14,Wednesday,clear,0,4000.0,45.0,139.64,52.52
13-4,3,Thursday,cloudy,0,4000.0,45.0,100,52.59
13-4,18,Thursday,clear,1,4000.0,45.0,100,51.15
13-4,21,Monday,clear,0,4000.0,45.0,100,51.59
13-4,2,Monday,cloudy,0,4000.0,45.0,100,52.93
13-4,0,Thursday,rain,1,4000.0,45.0,100,48.79
13-4,16,Monday,cloudy,0,4000.0,45.0,100,51.12
13-4,6,Thursday,clear,1,4000.0,45.0,100,54.66
13-4,18,Thursday,rain,0,4000.0,45.0,100,41.14
13-4,17,Monday,clear,0,4000.0,45.0,100,46.6
13-4,17,Thursday,clear,0,4000.0,45.0,100,47.29
13-4,11,Tuesday,rain,0,4000.0,45.0,100,46.92
13-4,20,Monday,clear,0,4000.0,45.0,100,54.18
13-4,22,Sunday,cloudy,0,4000.0,45.0,100,51.45
13-4,11,Thursday,rain,1,4000.0,45.0,100,46.5
13-4,22,Saturday,cloudy,0,4000.0,45.0,100,54.09
13-4,16,Saturday,clear,0,4000.0,45.0,127.9,46.49
13-4,17,Sunday,rain,1,4000.0,45.0,100,46.33
13-4,15,Monday,cloudy,0,4000.0,45.0,100,50.74
13-4,21,Saturday,cloudy,0,4000.0,45.0,100,51.59
13-4,23,Tuesday,fog,0,4000.0,45.0,100,52.81
13-4,21,Thursday,clear,0,4000.0,45.0,100,53.75
13-4,1,Wednesday,cloudy,0,4000.0,45.0,100,52.13
13-4,9,Sunday,cloudy,0,4000.0,45.0,147.97,44.24
13-4,14,Sunday,rain,1,4000.0,45.0,100,46.67
13-4,17,Sunday,fog,0,4000.0,45.0,100,44.13
13-4,21,Wednesday,clear,0,4000.0,45.0,100,53.96
13-4,18,Monday,clear,0,4000.0,45.0,136.9,48.43
13-4,11,Wednesday,fog,0,4000.0,45.0,102.85,48.22
13-4,20,Wednesday,cloudy,0,4000.0,45.0,100,54.62
13-4,5,Saturday,fog,0,4000.0,45.0,100,51.08
13-4,3,Tuesday,clear,0,4000.0,45.0,111.09,55.32
13-4,9,Wednesday,cloudy,0,4000.0,45.0,100,49.4
13-4,18,Tuesday,cloudy,0,4000.0,45.0,100,45.57
13-4,17,Friday,clear,0,4000.0,45.0,100,50.01
13-4,2,Tuesday,cloudy,0,4000.0,45.0,100,54.99
13-4,1,Friday,rain,0,4000.0,45.0,100,47.05
13-4,13,Friday,rain,0,4000.0,45.0,100,50.31
13-4,4,Monday,fog,0,4000.0,45.0,100,52.58
13-4,14,Wednesday,clear,0,4000.0,45.0,100,53.67
14-13,23,Thursday,fog,0,3800.0,35.5,100,50.29
14-13,8,Monday,cloudy,0,3800.0,35.5,100,47.21
14-13,16,Wednesday,fog,0,3800.0,35.5,100,45.29
14-13,7,Saturday,clear,0,3800.0,35.5,100,48.06
14-13,14,Monday,rain,0,3800.0,35.5,100,50.45
14-13,15,Sunday,cloudy,0,3800.0,35.5,100,46.31
14-13,8,Thursday,fog,0,3800.0,35.5,146.15,46.33
14-13,8,Wednesday,fog,0,3800.0,35.5,100,46.39
14-13,7,Friday,fog,1,3800.0,35.5,137.76,43.15
14-13,14,Saturday,clear,1,3800.0,35.5,100,52.39
14-13,16,Wednesday,clear,0,3800.0,35.5,100,51.45
14-13,2,Thursday,cloudy,0,3800.0,35.5,100,50.74
14-13,11,Friday,cloudy,0,3800.0,35.5,147.59,52.42
14-13,11,Friday,clear,0,3800.0,35.5,100,55.22
14-13,20,Monday,rain,0,3800.0,35.5,100,50.18
14-13,23,Monday,cloudy,1,3800.0,35.5,100,52.19
14-13,17,Monday,rain,0,3800.0,35.5,100,44.79
14-13,16,Wednesday,cloudy,0,3800.0,35.5,100,45.55
14-13,23,Friday,rain,0,3800.0,35.5,100,45.83
14-13,6,Tuesday,fog,0,3800.0,35.5,100,51.3
14-13,18,Wednesday,clear,1,3800.0,35.5,100,46.45
14-13,7,Tuesday,clear,1,3800.0,35.5,100,47.91
14-13,1,Tuesday,cloudy,0,3800.0,35.5,100,56.33
14-13,8,Saturday,fog,0,3800.0,35.5,100,45.78
14-13,11,Wednesday,cloudy,1,3800.0,35.5,100,55.75
14-13,10,Monday,rain,0,3800.0,35.5,100,40.07
14-13,12,Friday,clear,1,3800.0,35.5,100,56.05
14-13,11,Sunday,cloudy,0,3800.0,35.5,100,54.46
14-13,23,Wednesday,rain,0,3800.0,35.5,100,45.49
14-13,16,Wednesday,fog,0,3800.0,35.5,100,46.38
14-13,19,Wednesday,rain,0,3800.0,35.5,100,40.78
14-13,22,Thursday,rain,1,3800.0,35.5,100,46.42
14-13,16,Wednesday,rain,0,3800.0,35.5,100,43.61
14-13,20,Sunday,cloudy,1,3800.0,35.5,100,51.89
14-13,16,Wednesday,rain,0,3800.0,35.5,100,42.47
14-13,22,Thursday,rain,1,3800.0,35.5,142.9,46.74
14-13,13,Thursday,rain,0,3800.0,35.5,100,47.3
14-13,7,Saturday,clear,0,3800.0,35.5,100,45.41
14-13,15,Thursday,rain,0,3800.0,35.5,100,45.49
14-13,18,Friday,cloudy,0,3800.0,35.5,100,46.5
14-13,17,Wednesday,clear,0,3800.0,35.5,100,48.29
14-13,12,Wednesday,cloudy,0,3800.0,35.5,100,52.91
14-13,18,Sunday,cloudy,0,3800.0,35.5,100,46.96
14-13,4,Thursday,rain,1,3800.0,35.5,100,51.03
14-13,17,Friday,clear,0,3800.0,35.5,100,47.59
14-13,23,Thursday,fog,0,3800.0,35.5,100,53.25
14-13,15,Tuesday,clear,0,3800.0,35.5,111.55,49.23
14-13,10,Wednesday,cloudy,0,3800.0,35.5,100,45.25
14-13,8,Sunday,clear,1,3800.0,35.5,100,49.91
14-13,11,Thursday,clear,0,3800.0,35.5,100,51.86
14-13,22,Wednesday,rain,0,3800.0,35.5,100,45.47
14-13,2,Saturday,cloudy,0,3800.0,35.5,100,55.55
14-13,20,Saturday,cloudy,0,3800.0,35.5,100,55.15
14-13,23,Tuesday,clear,0,3800.0,35.5,100,53.26
14-13,2,Saturday,clear,1,3800.0,35.5,100,57.33
14-13,18,Monday,cloudy,0,3800.0,35.5,100,50.74
14-13,16,Saturday,clear,0,3800.0,35.5,134.42,46.67
14-13,14,Wednesday,clear,0,3800.0,35.5,100,55.65
14-13,10,Monday,cloudy,0,3800.0,35.5,100,46.54
14-13,2,Saturday,cloudy,0,3800.0,35.5,121.44,52.43
14-13,14,Wednesday,cloudy,1,3800.0,35.5,100,51.24
14-13,12,Sunday,fog,0,3800.0,35.5,100,50.82
14-13,1,Thursday,clear,1,3800.0,35.5,100,56.93
14-13,10,Wednesday,clear,0,3800.0,35.5,100,51.23
14-13,7,Friday,clear,1,3800.0,35.5,100,47.86
14-13,7,Monday,clear,0,3800.0,35.5,108.5,50.6
14-13,17,Thursday,cloudy,1,3800.0,35.5,100,47.18
14-13,16,Saturday,cloudy,0,3800.0,35.5,100,46.12
14-13,9,Thursday,cloudy,1,3800.0,35.5,100,48.82
14-13,12,Sunday,cloudy,0,3800.0,35.5,114.68,50.31
14-13,7,Saturday,clear,0,3800.0,35.5,100,46.85
14-13,12,Tuesday,clear,0,3800.0,35.5,100,52.04
14-13,6,Tuesday,clear,0,3800.0,35.5,100.15,55.6
14-13,22,Friday,clear,0,3800.0,35.5,100,52.98
14-13,13,Sunday,clear,0,3800.0,35.5,100,56.17
14-13,18,Thursday,cloudy,0,3800.0,35.5,100,45.55
14-13,22,Monday,rain,0,3800.0,35.5,100,48.93
14-13,15,Friday,rain,1,3800.0,35.5,100,43.7
14-13,15,Tuesday,rain,0,3800.0,35.5,100,44.4
14-13,3,Thursday,fog,0,3800.0,35.5,100,50.48
14-13,4,Saturday,cloudy,0,3800.0,35.5,100,53.3
14-13,7,Tuesday,clear,0,3800.0,35.5,100,45.79
14-13,4,Thursday,fog,0,3800.0,35.5,100,49.82
14-13,20,Thursday,rain,0,3800.0,35.5,100,47.16
14-13,13,Friday,cloudy,0,3800.0,35.5,128.89,51.74
14-13,6,Monday,rain,0,3800.0,35.5,100,48.6
14-13,4,Wednesday,rain,0,3800.0,35.5,100,47.08
14-13,10,Saturday,clear,0,3800.0,35.5,100,48.82
14-13,7,Friday,cloudy,0,3800.0,35.5,100,48.13
14-13,10,Thursday,cloudy,1,3800.0,35.5,100,49.64
14-13,17,Wednesday,cloudy,0,3800.0,35.5,100,49.42
14-13,10,Thursday,cloudy,1,3800.0,35.5,100,47.14
14-13,10,Saturday,clear,0,3800.0,35.5,100,50.66
14-13,20,Saturday,clear,0,3800.0,35.5,100,53.88
14-13,23,Wednesday,fog,0,3800.0,35.5,136.8,48.83
14-13,17,Tuesday,clear,0,3800.0,35.5,100,46.51
14-13,3,Saturday,fog,0,3800.0,35.5,100,51.78
14-13,8,Tuesday,cloudy,0,3800.0,35.5,100,45.89
14-13,17,Monday,clear,1,3800.0,35.5,131.29,50.34
14-13,19,Tuesday,rain,1,3800.0,35.5,100,45.41
14-13,6,Wednesday,cloudy,0,3800.0,35.5,124.42,52.11
14-13,7,Sunday,rain,0,3800.0,35.5,100,44.26
14-13,17,Wednesday,fog,0,3800.0,35.5,100,43.5
14-13,17,Friday,fog,0,3800.0,35.5,100,44.3
14-13,18,Saturday,clear,0,3800.0,35.5,100,48.29
14-13,20,Thursday,fog,0,3800.0,35.5,146.35,50.62
14-13,12,Saturday,clear,1,3800.0,35.5,132.29,56.29
14-13,14,Saturday,rain,0,3800.0,35.5,100,46.94
14-13,0,Monday,cloudy,0,3800.0,35.5,100,50.66
14-13,20,Sunday,rain,0,3800.0,35.5,100,46.7
14-13,0,Tuesday,clear,0,3800.0,35.5,100,53.79
14-13,13,Saturday,cloudy,0,3800.0,35.5,100,52.7
14-13,4,Monday,cloudy,0,3800.0,35.5,100,50.4
14-13,18,Friday,rain,0,3800.0,35.5,135.26,43.67
14-13,8,Monday,cloudy,1,3800.0,35.5,100,50.18
14-13,15,Saturday,cloudy,1,3800.0,35.5,100,51.32
14-13,9,Sunday,clear,0,3800.0,35.5,100,50.4
14-13,8,Thursday,rain,1,3800.0,35.5,100,41.24
14-13,20,Thursday,rain,0,3800.0,35.5,100,46.44
14-13,5,Sunday,rain,0,3800.0,35.5,123.51,49.83
15-7,3,Thursday,clear,0,3000.0,9.8,100,53.45
15-7,16,Sunday,cloudy,0,3000.0,9.8,100,48.25
15-7,18,Friday,fog,0,3000.0,9.8,100,44.49
15-7,20,Thursday,cloudy,1,3000.0,9.8,112.13,52.86
15-7,1,Sunday,cloudy,0,3000.0,9.8,100,52.96
15-7,16,Friday,rain,1,3000.0,9.8,100,41.18
15-7,22,Thursday,fog,0,3000.0,9.8,111.69,52.2
15-7,18,Wednesday,rain,0,3000.0,9.8,100,43.07
15-7,23,Friday,cloudy,0,3000.0,9.8,100,55.99
15-7,7,Monday,rain,0,3000.0,9.8,145.38,43.95
15-7,17,Sunday,fog,1,3000.0,9.8,146.17,45.5
15-7,23,Monday,rain,0,3000.0,9.8,100,48.02
15-7,8,Friday,cloudy,0,3000.0,9.8,100,45.8
15-7,5,Saturday,fog,0,3000.0,9.8,100,48.26
15-7,15,Saturday,clear,1,3000.0,9.8,100,48.04
15-7,13,Friday,rain,1,3000.0,9.8,100,49.18
15-7,12,Friday,fog,0,3000.0,9.8,100,52.62
15-7,9,Friday,clear,0,3000.0,9.8,100,47.15
15-7,0,Thursday,rain,0,3000.0,9.8,109.56,45.15
15-7,6,Friday,cloudy,0,3000.0,9.8,100,52.1
15-7,13,Friday,fog,0,3000.0,9.8,100,51.95
15-7,17,Friday,cloudy,0,3000.0,9.8,100,46.65
15-7,4,Friday,cloudy,0,3000.0,9.8,100,55.02
15-7,10,Saturday,rain,0,3000.0,9.8,100,39.44
15-7,22,Tuesday,cloudy,0,3000.0,9.8,100,55.13
15-7,22,Sunday,fog,0,3000.0,9.8,100,48.57
15-7,15,Wednesday,clear,0,3000.0,9.8,104.95,49.51
15-7,16,Tuesday,rain,1,3000.0,9.8,100,43.24
15-7,21,Wednesday,clear,0,3000.0,9.8,114.64,56.62
15-7,18,Monday,clear,0,3000.0,9.8,100,49.65
15-7,17,Thursday,cloudy,0,3000.0,9.8,100,47.0
15-7,14,Saturday,fog,1,3000.0,9.8,100,49.34
15-7,13,Wednesday,clear,1,3000.0,9.8,100,55.18
15-7,0,Friday,cloudy,0,3000.0,9.8,100,52.55
15-7,15,Saturday,cloudy,0,3000.0,9.8,100,48.89
15-7,6,Monday,rain,0,3000.0,9.8,100,46.99
15-7,12,Sunday,fog,0,3000.0,9.8,100,52.35
15-7,8,Saturday,rain,1,3000.0,9.8,100,44.74
15-7,23,Saturday,fog,1,3000.0,9.8,100,51.92
15-7,2,Tuesday,rain,0,3000.0,9.8,100,46.95
15-7,2,Wednesday,fog,1,3000.0,9.8,136.25,51.68
15-7,6,Saturday,rain,0,3000.0,9.8,100,46.78
15-7,13,Friday,fog,0,3000.0,9.8,100,48.56
15-7,7,Thursday,fog,0,3000.0,9.8,100,42.98
15-7,10,Tuesday,clear,0,3000.0,9.8,119.61,50.95
15-7,3,Thursday,rain,1,3000.0,9.8,100,48.68
15-7,3,Wednesday,rain,0,3000.0,9.8,100,45.18
15-7,22,Sunday,clear,1,3000.0,9.8,100,55.5
15-7,23,Tuesday,cloudy,0,3000.0,9.8,123.57,52.38
15-7,3,Monday,fog,0,3000.0,9.8,100,49.9
15-7,6,Sunday,clear,0,3000.0,9.8,100,55.64
15-7,10,Monday,clear,0,3000.0,9.8,112.04,47.41
15-7,15,Monday,rain,0,3000.0,9.8,100,44.52
15-7,5,Saturday,cloudy,0,3000.0,9.8,124.37,54.23
15-7,18,Monday,fog,1,3000.0,9.8,100,46.48
15-7,12,Wednesday,fog,0,3000.0,9.8,100,52.98
15-7,18,Wednesday,rain,0,3000.0,9.8,100,40.42
15-7,6,Friday,rain,0,3000.0,9.8,100,48.17
15-7,12,Tuesday,cloudy,1,3000.0,9.8,100,50.32
15-7,23,Tuesday,rain,0,3000.0,9.8,100,45.48
15-7,16,Sunday,clear,0,3000.0,9.8,147.05,46.53
15-7,20,Saturday,clear,0,3000.0,9.8,100,57.16
15-7,1,Sunday,fog,0,3000.0,9.8,100,47.42
15-7,5,Sunday,clear,0,3000.0,9.8,100,55.91
15-7,10,Wednesday,clear,0,3000.0,9.8,100,45.29
15-7,22,Monday,clear,0,3000.0,9.8,100,51.33
15-7,10,Tuesday,cloudy,0,3000.0,9.8,100,45.53
15-7,14,Sunday,fog,0,3000.0,9.8,100,50.01
15-7,6,Sunday,cloudy,0,3000.0,9.8,100,51.27
15-7,1,Saturday,clear,0,3000.0,9.8,100,53.05
15-7,10,Sunday,cloudy,0,3000.0,9.8,100,47.03
15-7,12,Monday,cloudy,0,3000.0,9.8,100,53.32
15-7,5,Sunday,rain,0,3000.0,9.8,100,47.54
15-7,0,Sunday,clear,0,3000.0,9.8,100,54.79
15-7,19,Thursday,clear,0,3000.0,9.8,100,47.83
15-7,21,Saturday,cloudy,1,3000.0,9.8,100,54.18
15-7,7,Tuesday,clear,1,3000.0,9.8,100,50.39
15-7,20,Saturday,rain,0,3000.0,9.8,100,48.79
15-7,4,Monday,rain,1,3000.0,9.8,100,48.41
15-7,7,Tuesday,clear,1,3000.0,9.8,100,48.18
15-7,17,Monday,clear,1,3000.0,9.8,100,46.67
15-7,19,Saturday,rain,0,3000.0,9.8,100,45.1
15-7,10,Saturday,clear,1,3000.0,9.8,100,45.18
15-7,15,Wednesday,rain,0,3000.0,9.8,100,45.41
15-7,8,Thursday,rain,0,3000.0,9.8,100,41.75
15-7,3,Sunday,clear,1,3000.0,9.8,100,53.79
15-7,7,Wednesday,clear,0,3000.0,9.8,100,46.97
15-7,8,Tuesday,rain,1,3000.0,9.8,100,41.69
15-7,15,Friday,cloudy,0,3000.0,9.8,100,50.14
15-7,19,Monday,rain,0,3000.0,9.8,100,41.46
15-7,21,Thursday,clear,0,3000.0,9.8,100,54.1
15-7,12,Tuesday,rain,0,3000.0,9.8,100,48.66
15-7,2,Monday,cloudy,0,3000.0,9.8,144.78,52.08
15-7,9,Friday,clear,0,3000.0,9.8,100,50.13
15-7,2,Friday,cloudy,0,3000.0,9.8,100,52.06
15-7,20,Saturday,rain,1,3000.0,9.8,100,49.82
15-7,4,Saturday,rain,0,3000.0,9.8,100,45.23
15-7,0,Friday,cloudy,0,3000.0,9.8,130.95,50.32
15-7,13,Sunday,fog,0,3000.0,9.8,100,51.82
15-7,4,Tuesday,rain,0,3000.0,9.8,100,49.69
15-7,8,Saturday,rain,0,3000.0,9.8,100,40.88
15-7,18,Wednesday,clear,1,3000.0,9.8,100,52.02
15-7,4,Wednesday,fog,0,3000.0,9.8,100,52.61
15-7,6,Friday,cloudy,0,3000.0,9.8,100,53.58
15-7,11,Monday,fog,0,3000.0,9.8,100,49.59
15-7,11,Tuesday,fog,1,3000.0,9.8,126.19,50.97
15-7,13,Monday,clear,0,3000.0,9.8,100,52.84
15-7,11,Monday,clear,0,3000.0,9.8,100,54.2
15-7,5,Tuesday,fog,0,3000.0,9.8,100,51.54
15-7,19,Wednesday,rain,0,3000.0,9.8,100,46.06
15-7,11,Saturday,fog,0,3000.0,9.8,100,51.77
15-7,6,Wednesday,rain,1,3000.0,9.8,100,45.67
15-7,2,Thursday,fog,0,3000.0,9.8,100,48.69
15-7,10,Tuesday,rain,0,3000.0,9.8,100,40.14
15-7,19,Wednesday,clear,0,3000.0,9.8,100,46.35
15-7,16,Wednesday,cloudy,0,3000.0,9.8,100,48.93
15-7,16,Friday,cloudy,0,3000.0,9.8,100,50.98
15-7,16,Monday,rain,0,3000.0,9.8,100,43.23
15-7,8,Tuesday,rain,0,3000.0,9.8,100,41.24
15-7,18,Monday,cloudy,1,3000.0,9.8,100,47.03
F1-5,0,Saturday,rain,0,3500.0,7.5,100,48.34
F1-5,19,Monday,clear,1,3500.0,7.5,100,47.63
F1-5,13,Tuesday,fog,0,3500.0,7.5,100,51.97
F1-5,7,Saturday,cloudy,1,3500.0,7.5,100,44.76
F1-5,0,Monday,rain,0,3500.0,7.5,100,46.28
F1-5,19,Saturday,cloudy,1,3500.0,7.5,100,47.83
F1-5,14,Sunday,cloudy,0,3500.0,7.5,100,51.94
F1-5,16,Tuesday,fog,0,3500.0,7.5,100,44.94
F1-5,16,Friday,cloudy,1,3500.0,7.5,100,47.72
F1-5,7,Thursday,rain,0,3500.0,7.5,100,42.17
F1-5,22,Sunday,fog,0,3500.0,7.5,100,47.84
F1-5,3,Friday,cloudy,0,3500.0,7.5,100,51.37
F1-5,18,Saturday,fog,1,3500.0,7.5,100,47.07
F1-5,20,Tuesday,rain,1,3500.0,7.5,100,46.93
F1-5,6,Saturday,cloudy,0,3500.0,7.5,100,52.51
F1-5,18,Friday,rain,0,3500.0,7.5,149.16,43.21
F1-5,2,Saturday,clear,1,3500.0,7.5,100,55.91
F1-5,12,Tuesday,rain,0,3500.0,7.5,100,49.2
F1-5,19,Sunday,rain,0,3500.0,7.5,100,45.16
F1-5,23,Sunday,rain,1,3500.0,7.5,100,45.56
F1-5,4,Thursday,clear,0,3500.0,7.5,100,55.87
F1-5,17,Thursday,cloudy,0,3500.0,7.5,100,49.08
F1-5,2,Wednesday,clear,0,3500.0,7.5,100,51.94
F1-5,8,Sunday,clear,0,3500.0,7.5,100,48.35
F1-5,1,Sunday,cloudy,0,3500.0,7.5,100,51.02
F1-5,19,Tuesday,rain,0,3500.0,7.5,133.57,45.92
F1-5,2,Wednesday,clear,1,3500.0,7.5,100,52.55
F1-5,1,Saturday,cloudy,0,3500.0,7.5,143.41,52.52
F1-5,5,Saturday,rain,0,3500.0,7.5,100,50.33
F1-5,1,Friday,cloudy,0,3500.0,7.5,100,55.75
F1-5,5,Thursday,cloudy,0,3500.0,7.5,100,53.3
F1-5,9,Monday,cloudy,0,3500.0,7.5,100,44.85
F1-5,4,Tuesday,rain,0,3500.0,7.5,100,50.96
F1-5,17,Wednesday,cloudy,1,3500.0,7.5,100,47.84
F1-5,3,Friday,rain,0,3500.0,7.5,100,50.95
F1-5,16,Friday,fog,0,3500.0,7.5,100,45.93
F1-5,17,Wednesday,cloudy,0,3500.0,7.5,100,48.5
F1-5,4,Sunday,cloudy,1,3500.0,7.5,115.48,55.0
F1-5,15,Monday,cloudy,0,3500.0,7.5,100,46.54
F1-5,16,Thursday,clear,0,3500.0,7.5,100,47.63
F1-5,15,Tuesday,clear,1,3500.0,7.5,144.47,48.12
F1-5,0,Sunday,cloudy,0,3500.0,7.5,100,51.45
F1-5,16,Friday,fog,0,3500.0,7.5,100,43.68
F1-5,17,Friday,rain,1,3500.0,7.5,100,42.24
F1-5,15,Saturday,cloudy,0,3500.0,7.5,100,48.59
F1-5,22,Wednesday,rain,0,3500.0,7.5,100,46.21
F1-5,16,Wednesday,clear,0,3500.0,7.5,100,47.39
F1-5,16,Tuesday,fog,0,3500.0,7.5,100,47.64
F1-5,14,Thursday,cloudy,0,3500.0,7.5,100,55.08
F1-5,19,Wednesday,clear,0,3500.0,7.5,100,46.59
F1-5,3,Saturday,fog,0,3500.0,7.5,100,52.12
F1-5,13,Wednesday,fog,1,3500.0,7.5,100,49.24
F1-5,5,Sunday,rain,0,3500.0,7.5,100,48.45
F1-5,3,Tuesday,rain,0,3500.0,7.5,101.33,48.02
F1-5,18,Thursday,cloudy,0,3500.0,7.5,124.84,49.4
F1-5,16,Monday,rain,1,3500.0,7.5,100,42.97
F1-5,12,Friday,clear,0,3500.0,7.5,100,52.05
F1-5,0,Wednesday,cloudy,0,3500.0,7.5,100,50.75
F1-5,5,Friday,fog,0,3500.0,7.5,100,49.25
F1-5,17,Friday,fog,1,3500.0,7.5,147.78,42.62
F1-5,11,Tuesday,cloudy,0,3500.0,7.5,100,56.08
F1-5,1,Thursday,cloudy,1,3500.0,7.5,143.51,54.35
F1-5,9,Tuesday,cloudy,0,3500.0,7.5,100,46.81
F1-5,19,Saturday,rain,0,3500.0,7.5,100,45.05
F1-5,4,Friday,cloudy,0,3500.0,7.5,100,50.52
F1-5,11,Monday,rain,0,3500.0,7.5,100,49.79
F1-5,11,Friday,fog,0,3500.0,7.5,100,48.31
F1-5,13,Sunday,fog,0,3500.0,7.5,100,48.24
F1-5,6,Wednesday,fog,0,3500.0,7.5,100,52.6
F1-5,0,Saturday,fog,0,3500.0,7.5,100,48.36
F1-5,21,Saturday,cloudy,0,3500.0,7.5,100,56.19
F1-5,14,Sunday,fog,0,3500.0,7.5,100,47.3
F1-5,16,Monday,rain,1,3500.0,7.5,100,45.41
F1-5,17,Monday,cloudy,0,3500.0,7.5,100,48.89
F1-5,6,Sunday,rain,0,3500.0,7.5,100,50.06
F1-5,19,Thursday,fog,1,3500.0,7.5,100,43.57
F1-5,22,Friday,clear,1,3500.0,7.5,100,52.29
F1-5,17,Monday,fog,0,3500.0,7.5,100,45.3
F1-5,5,Saturday,cloudy,0,3500.0,7.5,100,53.33
F1-5,21,Tuesday,clear,0,3500.0,7.5,100,56.77
F1-5,7,Monday,cloudy,0,3500.0,7.5,134.12,45.33
F1-5,21,Thursday,cloudy,0,3500.0,7.5,100,53.54
F1-5,4,Tuesday,rain,1,3500.0,7.5,140.12,47.46
F1-5,21,Tuesday,cloudy,0,3500.0,7.5,100,51.02
F1-5,2,Sunday,cloudy,0,3500.0,7.5,100,52.67
F1-5,15,Monday,clear,1,3500.0,7.5,100,47.9
F1-5,23,Friday,rain,0,3500.0,7.5,100,46.98
F1-5,16,Tuesday,cloudy,0,3500.0,7.5,100,50.73
F1-5,19,Monday,fog,0,3500.0,7.5,100,45.09
F1-5,22,Thursday,rain,0,3500.0,7.5,100,49.39
F1-5,7,Sunday,cloudy,0,3500.0,7.5,100,48.29
F1-5,12,Saturday,clear,0,3500.0,7.5,100,51.87
F1-5,0,Saturday,clear,0,3500.0,7.5,100,53.71
F1-5,16,Wednesday,rain,0,3500.0,7.5,125.6,42.38
F1-5,19,Wednesday,fog,0,3500.0,7.5,100,45.56
F1-5,6,Saturday,fog,0,3500.0,7.5,100,48.67
F1-5,19,Tuesday,cloudy,0,3500.0,7.5,100,50.39
F1-5,3,Friday,cloudy,0,3500.0,7.5,100,54.74
F1-5,16,Tuesday,clear,0,3500.0,7.5,100,49.09
F1-5,23,Saturday,cloudy,0,3500.0,7.5,100,53.24
F1-5,1,Monday,cloudy,0,3500.0,7.5,128.24,55.14
F1-5,17,Thursday,cloudy,0,3500.0,7.5,100,45.61
F1-5,17,Saturday,cloudy,1,3500.0,7.5,100,50.08
F1-5,22,Sunday,cloudy,0,3500.0,7.5,100,53.21
F1-5,19,Sunday,rain,0,3500.0,7.5,100,44.23
F1-5,0,Friday,cloudy,0,3500.0,7.5,100,51.4
F1-5,2,Saturday,rain,0,3500.0,7.5,100,45.36
F1-5,6,Sunday,rain,0,3500.0,7.5,100,49.87
F1-5,23,Tuesday,fog,0,3500.0,7.5,100.56,49.13
F1-5,6,Sunday,fog,0,3500.0,7.5,100,48.18
F1-5,11,Thursday,clear,0,3500.0,7.5,100,54.22
F1-5,0,Sunday,cloudy,1,3500.0,7.5,100,51.79
F1-5,2,Saturday,clear,0,3500.0,7.5,126.37,54.95
F1-5,22,Friday,cloudy,0,3500.0,7.5,100,53.97
F1-5,11,Sunday,rain,1,3500.0,7.5,100,48.23
F1-5,21,Saturday,fog,0,3500.0,7.5,100,50.56
F1-5,18,Friday,cloudy,0,3500.0,7.5,116.35,50.33
F1-5,23,Monday,rain,0,3500.0,7.5,135.04,48.95
F1-5,12,Wednesday,fog,0,3500.0,7.5,100,47.69
F1-5,20,Sunday,fog,0,3500.0,7.5,100,51.46
F1-2,22,Friday,fog,0,3200.0,9.2,100,50.03
F1-2,11,Friday,cloudy,0,3200.0,9.2,100,51.29
F1-2,23,Wednesday,cloudy,0,3200.0,9.2,100,53.43
F1-2,0,Saturday,rain,0,3200.0,9.2,100,50.01
F1-2,12,Saturday,cloudy,0,3200.0,9.2,100,53.36
F1-2,7,Saturday,fog,0,3200.0,9.2,100,45.81
F1-2,10,Wednesday,clear,0,3200.0,9.2,100,46.48
F1-2,22,Tuesday,cloudy,0,3200.0,9.2,100,53.57
F1-2,20,Wednesday,rain,0,3200.0,9.2,100,47.98
F1-2,6,Saturday,clear,1,3200.0,9.2,100,54.21
F1-2,18,Wednesday,clear,0,3200.0,9.2,137.81,48.7
F1-2,1,Friday,fog,1,3200.0,9.2,120.09,51.2
F1-2,20,Thursday,cloudy,0,3200.0,9.2,100,53.52
F1-2,5,Tuesday,fog,0,3200.0,9.2,100,49.66
F1-2,5,Wednesday,fog,0,3200.0,9.2,100,47.65
F1-2,19,Tuesday,clear,1,3200.0,9.2,100,46.73
F1-2,13,Thursday,cloudy,1,3200.0,9.2,100,50.8
F1-2,9,Tuesday,rain,1,3200.0,9.2,145.68,44.33
F1-2,7,Monday,fog,1,3200.0,9.2,116.64,41.94
F1-2,8,Tuesday,cloudy,1,3200.0,9.2,100,49.55
F1-2,22,Sunday,fog,0,3200.0,9.2,102.95,48.44
F1-2,7,Saturday,clear,0,3200.0,9.2,100,47.51
F1-2,18,Thursday,clear,0,3200.0,9.2,100,46.45
F1-2,21,Wednesday,cloudy,0,3200.0,9.2,100,50.99
F1-2,13,Wednesday,cloudy,0,3200.0,9.2,100,50.61
F1-2,1,Tuesday,rain,0,3200.0,9.2,100,48.01
F1-2,20,Sunday,rain,0,3200.0,9.2,100,49.52
F1-2,1,Monday,clear,0,3200.0,9.2,142.59,55.26
F1-2,17,Tuesday,cloudy,0,3200.0,9.2,121.93,50.0
F1-2,22,Sunday,cloudy,0,3200.0,9.2,100,56.0
F1-2,23,Wednesday,rain,0,3200.0,9.2,100,48.92
F1-2,20,Saturday,rain,0,3200.0,9.2,129.94,45.2
F1-2,2,Sunday,rain,1,3200.0,9.2,134.36,48.4
F1-2,0,Wednesday,cloudy,0,3200.0,9.2,127.76,54.4
F1-2,4,Friday,cloudy,0,3200.0,9.2,100,51.35
F1-2,17,Thursday,cloudy,1,3200.0,9.2,132.89,46.41
F1-2,4,Saturday,cloudy,1,3200.0,9.2,100,53.2
F1-2,10,Thursday,clear,0,3200.0,9.2,100,47.77
F1-2,7,Tuesday,fog,0,3200.0,9.2,100,41.72
F1-2,22,Saturday,cloudy,1,3200.0,9.2,100,52.53
F1-2,10,Thursday,clear,0,3200.0,9.2,100,49.07
F1-2,0,Wednesday,rain,0,3200.0,9.2,100,46.8
F1-2,10,Wednesday,cloudy,0,3200.0,9.2,100,50.08
F1-2,9,Sunday,fog,0,3200.0,9.2,100,45.31
F1-2,10,Tuesday,clear,0,3200.0,9.2,100,46.24
F1-2,6,Sunday,fog,1,3200.0,9.2,100,52.15
F1-2,5,Friday,rain,0,3200.0,9.2,100,51.05
F1-2,1,Wednesday,clear,1,3200.0,9.2,100,56.46
F1-2,18,Tuesday,rain,0,3200.0,9.2,100,45.33
F1-2,9,Tuesday,clear,0,3200.0,9.2,100,49.85
F1-2,0,Tuesday,clear,0,3200.0,9.2,100,53.13
F1-2,8,Monday,fog,0,3200.0,9.2,100,47.2
F1-2,18,Friday,fog,1,3200.0,9.2,100,46.7
F1-2,1,Saturday,fog,0,3200.0,9.2,100,52.93
F1-2,5,Tuesday,cloudy,1,3200.0,9.2,100,52.69
F1-2,13,Wednesday,cloudy,0,3200.0,9.2,100,52.67
F1-2,6,Monday,clear,0,3200.0,9.2,100,55.79
F1-2,8,Monday,cloudy,1,3200.0,9.2,100,44.69
F1-2,2,Monday,rain,0,3200.0,9.2,140.29,49.91
F1-2,8,Monday,cloudy,0,3200.0,9.2,100,46.75
F1-2,0,Thursday,clear,0,3200.0,9.2,131.97,54.61
F1-2,15,Thursday,clear,0,3200.0,9.2,102.09,50.69
F1-2,21,Tuesday,rain,1,3200.0,9.2,100,48.17
F1-2,9,Thursday,clear,0,3200.0,9.2,100,49.18
F1-2,23,Thursday,cloudy,0,3200.0,9.2,100,54.46
F1-2,2,Thursday,rain,1,3200.0,9.2,100,47.31
F1-2,0,Saturday,cloudy,0,3200.0,9.2,113.92,51.65
F1-2,11,Tuesday,cloudy,0,3200.0,9.2,100,51.56
F1-2,11,Thursday,cloudy,0,3200.0,9.2,100,52.01
F1-2,17,Friday,cloudy,0,3200.0,9.2,100,50.89
F1-2,2,Tuesday,fog,1,3200.0,9.2,100,49.47
F1-2,20,Monday,cloudy,0,3200.0,9.2,100,50.66
F1-2,10,Saturday,rain,1,3200.0,9.2,100,43.92
F1-2,8,Saturday,cloudy,0,3200.0,9.2,100,44.89
F1-2,15,Thursday,rain,0,3200.0,9.2,100,40.3
F1-2,15,Thursday,rain,0,3200.0,9.2,108.3,40.27
F1-2,21,Sunday,rain,0,3200.0,9.2,100,46.94
F1-2,21,Tuesday,fog,0,3200.0,9.2,100,50.7
F1-2,1,Friday,cloudy,0,3200.0,9.2,100,52.51
F1-2,15,Monday,fog,0,3200.0,9.2,100,48.02
F1-2,18,Friday,cloudy,0,3200.0,9.2,100,48.59
F1-2,14,Monday,clear,0,3200.0,9.2,140.82,52.16
F1-2,18,Sunday,rain,1,3200.0,9.2,100,42.19
F1-2,8,Tuesday,cloudy,0,3200.0,9.2,100,48.6
F1-2,18,Sunday,rain,0,3200.0,9.2,100,44.08
F1-2,5,Monday,cloudy,0,3200.0,9.2,100,51.05
F1-2,21,Saturday,clear,0,3200.0,9.2,100,52.58
F1-2,12,Wednesday,clear,0,3200.0,9.2,100,51.92
F1-2,15,Sunday,fog,0,3200.0,9.2,100,47.01
F1-2,5,Friday,cloudy,0,3200.0,9.2,100,53.84
F1-2,6,Monday,clear,1,3200.0,9.2,100,55.86
F1-2,8,Wednesday,fog,0,3200.0,9.2,100,46.39
F1-2,21,Thursday,fog,0,3200.0,9.2,100,49.82
F1-2,21,Saturday,clear,0,3200.0,9.2,142.27,52.83
F1-2,11,Tuesday,cloudy,0,3200.0,9.2,100,55.67
F1-2,0,Friday,rain,0,3200.0,9.2,100.29,47.32
F1-2,12,Saturday,rain,0,3200.0,9.2,100,46.66
F1-2,17,Thursday,rain,0,3200.0,9.2,100,44.96
F1-2,0,Wednesday,cloudy,0,3200.0,9.2,100,52.89
F1-2,16,Saturday,fog,0,3200.0,9.2,100,46.93
F1-2,17,Saturday,clear,1,3200.0,9.2,100,49.18
F1-2,3,Wednesday,clear,0,3200.0,9.2,113.37,56.6
F1-2,18,Friday,clear,0,3200.0,9.2,100,49.99
F1-2,18,Saturday,fog,1,3200.0,9.2,105.22,44.38
F1-2,20,Friday,cloudy,0,3200.0,9.2,100,55.39
F1-2,0,Thursday,fog,1,3200.0,9.2,100,50.32
F1-2,23,Saturday,cloudy,0,3200.0,9.2,100,54.03
F1-2,12,Sunday,clear,1,3200.0,9.2,100,53.03
F1-2,6,Monday,clear,1,3200.0,9.2,100,54.37
F1-2,6,Saturday,rain,0,3200.0,9.2,100,45.57
F1-2,3,Sunday,cloudy,0,3200.0,9.2,100,50.27
F1-2,0,Thursday,cloudy,0,3200.0,9.2,100,50.83
F1-2,17,Wednesday,clear,1,3200.0,9.2,100,50.93
F1-2,11,Monday,fog,1,3200.0,9.2,100,47.24
F1-2,1,Thursday,cloudy,0,3200.0,9.2,100,55.46
F1-2,4,Tuesday,cloudy,0,3200.0,9.2,100,55.14
F1-2,7,Saturday,fog,1,3200.0,9.2,100,46.59
F1-2,21,Wednesday,cloudy,0,3200.0,9.2,100,56.12
F1-2,22,Monday,clear,0,3200.0,9.2,100,54.81
F1-2,6,Tuesday,rain,1,3200.0,9.2,100,47.76
F2-3,12,Wednesday,cloudy,0,2000.0,2.5,100,50.43
F2-3,19,Sunday,cloudy,0,2000.0,2.5,100,45.66
F2-3,9,Sunday,clear,1,2000.0,2.5,115.07,47.85
F2-3,2,Tuesday,cloudy,0,2000.0,2.5,100,55.6
F2-3,2,Tuesday,clear,1,2000.0,2.5,128.21,50.92
F2-3,5,Wednesday,rain,0,2000.0,2.5,100,45.34
F2-3,8,Friday,rain,0,2000.0,2.5,100,43.05
F2-3,17,Thursday,cloudy,0,2000.0,2.5,123.07,48.93
F2-3,21,Thursday,fog,1,2000.0,2.5,122.87,48.79
F2-3,3,Thursday,fog,1,2000.0,2.5,100,52.54
F2-3,18,Wednesday,fog,0,2000.0,2.5,142.37,46.36
F2-3,8,Thursday,rain,0,2000.0,2.5,100,40.5
F2-3,9,Sunday,rain,1,2000.0,2.5,100,40.36
F2-3,21,Monday,clear,0,2000.0,2.5,100,53.74
F2-3,0,Wednesday,fog,0,2000.0,2.5,100,48.27
F2-3,18,Sunday,rain,1,2000.0,2.5,100,41.58
F2-3,12,Friday,clear,0,2000.0,2.5,110.65,53.88
F2-3,5,Sunday,fog,1,2000.0,2.5,104.24,51.79
F2-3,18,Wednesday,clear,1,2000.0,2.5,100,46.37
F2-3,3,Thursday,rain,1,2000.0,2.5,100,48.72
F2-3,18,Monday,rain,0,2000.0,2.5,100,41.94
F2-3,19,Friday,cloudy,1,2000.0,2.5,100,48.74
F2-3,12,Monday,rain,0,2000.0,2.5,137.63,44.65
F2-3,23,Friday,cloudy,0,2000.0,2.5,100,51.24
F2-3,15,Friday,fog,1,2000.0,2.5,100,47.03
F2-3,19,Monday,fog,0,2000.0,2.5,133.2,46.13
F2-3,3,Sunday,clear,0,2000.0,2.5,101.96,54.01
F2-3,9,Monday,fog,0,2000.0,2.5,100,44.05
F2-3,3,Tuesday,fog,0,2000.0,2.5,100,51.18
F2-3,12,Sunday,fog,0,2000.0,2.5,100,47.8
F2-3,8,Wednesday,rain,0,2000.0,2.5,100,39.19
F2-3,0,Friday,cloudy,0,2000.0,2.5,100,50.19
F2-3,9,Saturday,rain,0,2000.0,2.5,100,43.93
F2-3,1,Friday,clear,0,2000.0,2.5,100,51.93
F2-3,2,Saturday,fog,0,2000.0,2.5,100,48.5
F2-3,2,Saturday,cloudy,0,2000.0,2.5,100,52.7
F2-3,22,Wednesday,rain,0,2000.0,2.5,100,46.94
F2-3,19,Saturday,cloudy,1,2000.0,2.5,100,46.96
F2-3,12,Sunday,rain,1,2000.0,2.5,100,45.12
F2-3,5,Wednesday,fog,0,2000.0,2.5,100,47.43
F2-3,19,Saturday,clear,0,2000.0,2.5,100,50.79
F2-3,22,Thursday,fog,1,2000.0,2.5,121.96,48.08
F2-3,22,Friday,fog,0,2000.0,2.5,100,50.88
F2-3,19,Monday,clear,1,2000.0,2.5,100,49.88
F2-3,0,Monday,cloudy,0,2000.0,2.5,100,51.25
F2-3,4,Sunday,clear,0,2000.0,2.5,100,55.4
F2-3,21,Sunday,cloudy,0,2000.0,2.5,100,54.1
F2-3,11,Friday,fog,0,2000.0,2.5,100,48.66
F2-3,13,Friday,fog,0,2000.0,2.5,100,51.84
F2-3,23,Sunday,clear,0,2000.0,2.5,100,53.08
F2-3,1,Friday,rain,0,2000.0,2.5,100,50.01
F2-3,22,Wednesday,cloudy,0,2000.0,2.5,100,50.03
F2-3,17,Saturday,clear,0,2000.0,2.5,135.1,50.8
F2-3,17,Tuesday,rain,0,2000.0,2.5,100,43.75
F2-3,0,Wednesday,clear,0,2000.0,2.5,100,54.53
F2-3,17,Wednesday,fog,0,2000.0,2.5,100,46.33
F2-3,8,Thursday,cloudy,0,2000.0,2.5,138.87,43.63
F2-3,19,Friday,fog,1,2000.0,2.5,100,44.54
F2-3,6,Sunday,clear,0,2000.0,2.5,100,56.29
F2-3,22,Monday,clear,0,2000.0,2.5,100,56.08
F2-3,6,Wednesday,fog,0,2000.0,2.5,100,52.02
F2-3,18,Tuesday,cloudy,0,2000.0,2.5,100,48.41
F2-3,18,Monday,clear,0,2000.0,2.5,100,51.36
F2-3,3,Monday,clear,1,2000.0,2.5,100,56.14
F2-3,12,Saturday,fog,0,2000.0,2.5,100,52.05
F2-3,22,Friday,rain,0,2000.0,2.5,100,45.58
F2-3,15,Saturday,clear,1,2000.0,2.5,141.47,47.1
F2-3,17,Wednesday,fog,1,2000.0,2.5,100,41.77
F2-3,4,Tuesday,rain,0,2000.0,2.5,100,47.81
F2-3,9,Thursday,cloudy,0,2000.0,2.5,100,43.93
F2-3,6,Monday,rain,0,2000.0,2.5,100,45.89
F2-3,0,Thursday,fog,1,2000.0,2.5,100,48.97
F2-3,14,Monday,rain,1,2000.0,2.5,100,49.07
F2-3,14,Tuesday,cloudy,0,2000.0,2.5,123.07,54.99
F2-3,15,Sunday,rain,0,2000.0,2.5,100,40.23
F2-3,7,Sunday,rain,0,2000.0,2.5,100,43.02
F2-3,1,Friday,cloudy,0,2000.0,2.5,100,51.01
F2-3,17,Friday,rain,0,2000.0,2.5,100,42.81
F2-3,16,Wednesday,cloudy,0,2000.0,2.5,100,50.74
F2-3,15,Tuesday,fog,1,2000.0,2.5,100,45.67
F2-3,12,Monday,clear,1,2000.0,2.5,100,54.37
F2-3,23,Saturday,clear,0,2000.0,2.5,100,54.47
F2-3,5,Friday,cloudy,0,2000.0,2.5,100,52.71
F2-3,1,Saturday,cloudy,0,2000.0,2.5,100,52.36
F2-3,14,Saturday,cloudy,1,2000.0,2.5,100,54.17
F2-3,18,Tuesday,rain,0,2000.0,2.5,100,44.86
F2-3,12,Friday,fog,0,2000.0,2.5,100,50.49
F2-3,15,Sunday,cloudy,0,2000.0,2.5,100,45.98
F2-3,23,Monday,cloudy,0,2000.0,2.5,100,52.67
F2-3,16,Thursday,fog,0,2000.0,2.5,100,47.36
F2-3,15,Monday,rain,0,2000.0,2.5,100,39.82
F2-3,15,Friday,clear,0,2000.0,2.5,100,48.1
F2-3,3,Thursday,fog,0,2000.0,2.5,100,48.97
F2-3,7,Friday,cloudy,0,2000.0,2.5,100,48.01
F2-3,22,Wednesday,cloudy,0,2000.0,2.5,100,53.93
F2-3,16,Sunday,clear,0,2000.0,2.5,100,48.02
F2-3,6,Saturday,clear,0,2000.0,2.5,100,56.14
F2-3,13,Wednesday,cloudy,0,2000.0,2.5,100,55.73
F2-3,0,Sunday,fog,1,2000.0,2.5,100,48.49
F2-3,7,Wednesday,fog,0,2000.0,2.5,133.35,43.74
F2-3,5,Tuesday,clear,0,2000.0,2.5,100,53.73
F2-3,13,Sunday,fog,0,2000.0,2.5,100,47.54
F2-3,6,Tuesday,rain,0,2000.0,2.5,128.57,50.29
F2-3,20,Monday,cloudy,0,2000.0,2.5,127.09,49.76
F2-3,0,Thursday,rain,0,2000.0,2.5,100,45.32
F2-3,11,Monday,clear,0,2000.0,2.5,100,56.03
F2-3,7,Wednesday,rain,0,2000.0,2.5,100,40.75
F2-3,5,Monday,clear,0,2000.0,2.5,100,52.55
F2-3,14,Thursday,fog,1,2000.0,2.5,100,48.78
F2-3,16,Sunday,rain,1,2000.0,2.5,100,40.41
F2-3,8,Wednesday,cloudy,0,2000.0,2.5,100,47.16
F2-3,3,Saturday,cloudy,1,2000.0,2.5,129.6,54.5
F2-3,19,Saturday,clear,0,2000.0,2.5,100,49.04
F2-3,18,Sunday,fog,0,2000.0,2.5,100,43.56
F2-3,15,Saturday,rain,1,2000.0,2.5,100,41.9
F2-3,3,Sunday,clear,0,2000.0,2.5,100,56.19
F2-3,15,Wednesday,cloudy,0,2000.0,2.5,130.37,48.77
F2-3,9,Wednesday,cloudy,0,2000.0,2.5,100,45.2
F2-3,7,Friday,rain,1,2000.0,2.5,100,41.77
F2-3,21,Sunday,clear,0,2000.0,2.5,100,51.12
F7-15,17,Thursday,fog,0,2800.0,8.3,113.55,43.05
F7-15,2,Tuesday,rain,0,2800.0,8.3,100,48.17
F7-15,1,Tuesday,fog,1,2800.0,8.3,100,52.74
F7-15,10,Wednesday,rain,1,2800.0,8.3,100,39.2
F7-15,13,Tuesday,fog,0,2800.0,8.3,100,51.83
F7-15,4,Monday,clear,0,2800.0,8.3,103.82,56.28
F7-15,2,Thursday,fog,0,2800.0,8.3,100,49.94
F7-15,10,Friday,clear,1,2800.0,8.3,100,45.41
F7-15,7,Friday,cloudy,0,2800.0,8.3,100,47.41
F7-15,10,Wednesday,fog,0,2800.0,8.3,100,47.08
F7-15,23,Monday,rain,0,2800.0,8.3,100,47.95
F7-15,8,Saturday,rain,0,2800.0,8.3,108.2,39.36
F7-15,10,Monday,clear,1,2800.0,8.3,100,46.75
F7-15,8,Wednesday,cloudy,0,2800.0,8.3,100,44.51
F7-15,2,Friday,cloudy,0,2800.0,8.3,100,52.26
F7-15,3,Saturday,rain,0,2800.0,8.3,100,46.09
F7-15,15,Wednesday,clear,0,2800.0,8.3,100,46.79
F7-15,4,Saturday,rain,0,2800.0,8.3,100,45.18
F7-15,9,Monday,rain,0,2800.0,8.3,100,43.96
F7-15,12,Tuesday,cloudy,0,2800.0,8.3,100,55.62
F7-15,3,Monday,rain,0,2800.0,8.3,100,46.79
F7-15,10,Tuesday,rain,0,2800.0,8.3,100,39.81
F7-15,13,Saturday,clear,0,2800.0,8.3,109.75,51.25
F7-15,15,Thursday,rain,0,2800.0,8.3,100,44.0
F7-15,19,Friday,fog,1,2800.0,8.3,100,43.41
F7-15,15,Friday,cloudy,0,2800.0,8.3,110.42,48.76
F7-15,8,Thursday,rain,1,2800.0,8.3,100.4,43.03
F7-15,0,Friday,fog,0,2800.0,8.3,100,48.68
F7-15,22,Sunday,rain,0,2800.0,8.3,100,46.58
F7-15,11,Tuesday,clear,0,2800.0,8.3,100,51.92
F7-15,21,Wednesday,fog,1,2800.0,8.3,100,51.87
F7-15,23,Saturday,fog,0,2800.0,8.3,100,52.22
F7-15,13,Sunday,rain,0,2800.0,8.3,100,47.28
F7-15,14,Monday,clear,0,2800.0,8.3,100,54.68
F7-15,5,Sunday,rain,1,2800.0,8.3,100,50.18
F7-15,6,Wednesday,clear,1,2800.0,8.3,100,55.84
F7-15,13,Wednesday,fog,0,2800.0,8.3,100,51.94
F7-15,1,Thursday,clear,0,2800.0,8.3,100,52.16
F7-15,22,Monday,rain,0,2800.0,8.3,100,49.51
F7-15,13,Monday,cloudy,0,2800.0,8.3,100,54.11
F7-15,1,Wednesday,clear,0,2800.0,8.3,100,52.18
F7-15,13,Saturday,cloudy,0,2800.0,8.3,100,54.85
F7-15,15,Sunday,clear,0,2800.0,8.3,100,49.09
F7-15,18,Friday,rain,0,2800.0,8.3,100,43.81
F7-15,1,Tuesday,cloudy,0,2800.0,8.3,100,52.78
F7-15,21,Friday,fog,0,2800.0,8.3,100,49.54
F7-15,4,Monday,rain,1,2800.0,8.3,133.0,50.62
F7-15,8,Wednesday,cloudy,0,2800.0,8.3,141.19,49.34
F7-15,10,Friday,clear,1,2800.0,8.3,100,49.74
F7-15,13,Saturday,clear,1,2800.0,8.3,100,51.45
F7-15,19,Friday,rain,0,2800.0,8.3,100,43.44
F7-15,4,Wednesday,fog,0,2800.0,8.3,100,51.48
F7-15,0,Monday,fog,1,2800.0,8.3,100,51.25
F7-15,16,Thursday,rain,1,2800.0,8.3,100,42.48
F7-15,22,Saturday,rain,1,2800.0,8.3,100,48.06
F7-15,0,Saturday,cloudy,1,2800.0,8.3,100,51.33
F7-15,17,Saturday,clear,0,2800.0,8.3,100,51.49
F7-15,22,Tuesday,clear,0,2800.0,8.3,100,51.88
F7-15,17,Monday,cloudy,1,2800.0,8.3,100,46.3
F7-15,11,Saturday,clear,1,2800.0,8.3,100,55.06
F7-15,4,Saturday,rain,0,2800.0,8.3,100,49.75
F7-15,22,Monday,rain,0,2800.0,8.3,100,47.56
F7-15,11,Tuesday,rain,1,2800.0,8.3,100,46.48
F7-15,21,Monday,clear,0,2800.0,8.3,100,54.02
F7-15,2,Friday,rain,0,2800.0,8.3,100,46.16
F7-15,1,Thursday,cloudy,0,2800.0,8.3,100,55.7
F7-15,2,Thursday,fog,0,2800.0,8.3,100,52.7
F7-15,17,Thursday,fog,1,2800.0,8.3,100,45.41
F7-15,17,Sunday,rain,1,2800.0,8.3,100,42.67
F7-15,2,Wednesday,clear,0,2800.0,8.3,100,52.09
F7-15,8,Friday,clear,0,2800.0,8.3,100,45.2
F7-15,4,Tuesday,cloudy,0,2800.0,8.3,100,54.95
F7-15,7,Wednesday,fog,0,2800.0,8.3,100,44.11
F7-15,23,Tuesday,cloudy,0,2800.0,8.3,121.91,54.05
F7-15,11,Sunday,clear,0,2800.0,8.3,100,56.99
F7-15,6,Saturday,clear,0,2800.0,8.3,143.55,56.04
F7-15,16,Sunday,rain,1,2800.0,8.3,100,42.88
F7-15,11,Tuesday,cloudy,0,2800.0,8.3,100,52.03
F7-15,6,Tuesday,fog,0,2800.0,8.3,145.89,48.18
F7-15,10,Monday,clear,0,2800.0,8.3,100,45.82
F7-15,10,Saturday,rain,1,2800.0,8.3,111.35,43.84
F7-15,15,Saturday,fog,0,2800.0,8.3,100,46.8
F7-15,6,Sunday,fog,0,2800.0,8.3,100,48.28
F7-15,4,Tuesday,clear,0,2800.0,8.3,100,52.37
F7-15,20,Thursday,cloudy,0,2800.0,8.3,100,53.0
F7-15,23,Monday,cloudy,0,2800.0,8.3,100,53.87
F7-15,16,Tuesday,fog,1,2800.0,8.3,100,42.3
F7-15,7,Thursday,cloudy,1,2800.0,8.3,100,46.98
F7-15,2,Wednesday,clear,1,2800.0,8.3,100,55.91
F7-15,21,Thursday,fog,0,2800.0,8.3,100,50.09
F7-15,23,Monday,cloudy,0,2800.0,8.3,100,55.22
F7-15,6,Saturday,fog,1,2800.0,8.3,137.98,51.44
F7-15,5,Saturday,clear,0,2800.0,8.3,100,54.96
F7-15,15,Wednesday,fog,0,2800.0,8.3,100,44.84
F7-15,8,Monday,cloudy,0,2800.0,8.3,100,48.24
F7-15,0,Monday,rain,0,2800.0,8.3,100,50.82
F7-15,17,Monday,clear,1,2800.0,8.3,100,51.6
F7-15,6,Sunday,cloudy,0,2800.0,8.3,100,51.15
F7-15,7,Tuesday,cloudy,0,2800.0,8.3,100,44.92
F7-15,10,Saturday,clear,0,2800.0,8.3,100,46.01
F7-15,0,Tuesday,rain,0,2800.0,8.3,100,46.23
F7-15,22,Saturday,rain,0,2800.0,8.3,100,50.89
F7-15,14,Thursday,fog,0,2800.0,8.3,100,52.54
F7-15,22,Thursday,fog,0,2800.0,8.3,119.05,50.75
F7-15,5,Sunday,cloudy,0,2800.0,8.3,100,52.93
F7-15,23,Saturday,clear,0,2800.0,8.3,100,52.41
F7-15,4,Saturday,cloudy,0,2800.0,8.3,100,55.97
F7-15,1,Saturday,clear,1,2800.0,8.3,145.53,54.19
F7-15,10,Wednesday,rain,0,2800.0,8.3,100,41.87
F7-15,0,Friday,cloudy,0,2800.0,8.3,100,53.78
F7-15,13,Thursday,clear,0,2800.0,8.3,100,52.36
F7-15,14,Sunday,fog,1,2800.0,8.3,100,50.02
F7-15,15,Wednesday,rain,1,2800.0,8.3,100,44.44
F7-15,7,Monday,fog,0,2800.0,8.3,100,42.29
F7-15,16,Sunday,cloudy,1,2800.0,8.3,100,50.17
F7-15,16,Tuesday,clear,0,2800.0,8.3,100,51.04
F7-15,12,Sunday,clear,0,2800.0,8.3,100,52.56
F7-15,5,Tuesday,cloudy,0,2800.0,8.3,100,55.09
F7-15,22,Friday,clear,0,2800.0,8.3,129.92,51.5
F7-15,0,Sunday,clear,0,2800.0,8.3,100,54.18
F8-4,7,Monday,clear,0,3000.0,6.1,100,45.5
F8-4,2,Monday,clear,1,3000.0,6.1,100,53.07
F8-4,19,Tuesday,cloudy,0,3000.0,6.1,100,47.7
F8-4,13,Thursday,fog,0,3000.0,6.1,100,52.03
F8-4,3,Wednesday,clear,1,3000.0,6.1,100,54.47
F8-4,12,Friday,cloudy,0,3000.0,6.1,100,55.62
F8-4,16,Friday,clear,0,3000.0,6.1,100,49.71
F8-4,16,Thursday,clear,0,3000.0,6.1,100,51.53
F8-4,14,Wednesday,clear,0,3000.0,6.1,100.76,53.12
F8-4,6,Wednesday,clear,0,3000.0,6.1,100,53.59
F8-4,12,Sunday,rain,0,3000.0,6.1,100,47.96
F8-4,16,Thursday,clear,0,3000.0,6.1,100,48.98
F8-4,16,Wednesday,rain,0,3000.0,6.1,100.94,40.19
F8-4,2,Sunday,rain,1,3000.0,6.1,100,48.28
F8-4,1,Monday,fog,0,3000.0,6.1,100,50.03
F8-4,5,Sunday,fog,0,3000.0,6.1,100,52.05
F8-4,4,Sunday,rain,0,3000.0,6.1,100,47.45
F8-4,21,Wednesday,clear,0,3000.0,6.1,100,54.25
F8-4,0,Saturday,fog,1,3000.0,6.1,100,49.57
F8-4,7,Saturday,clear,0,3000.0,6.1,100,46.59
F8-4,15,Wednesday,cloudy,0,3000.0,6.1,100,49.04
F8-4,3,Saturday,fog,0,3000.0,6.1,100.32,51.64
F8-4,14,Tuesday,cloudy,1,3000.0,6.1,100,50.48
F8-4,16,Sunday,clear,0,3000.0,6.1,100,48.69
F8-4,9,Saturday,fog,0,3000.0,6.1,100,45.32
F8-4,11,Thursday,cloudy,0,3000.0,6.1,103.88,55.26
F8-4,17,Sunday,cloudy,0,3000.0,6.1,100,47.38
F8-4,23,Friday,cloudy,0,3000.0,6.1,123.19,53.29
F8-4,7,Saturday,clear,0,3000.0,6.1,100,45.19
F8-4,0,Sunday,clear,0,3000.0,6.1,100,54.34
F8-4,8,Friday,cloudy,0,3000.0,6.1,100,44.88
F8-4,18,Saturday,clear,0,3000.0,6.1,100,49.59
F8-4,2,Monday,cloudy,0,3000.0,6.1,120.61,54.94
F8-4,10,Thursday,fog,0,3000.0,6.1,100,43.46
F8-4,21,Sunday,clear,0,3000.0,6.1,100,56.22
F8-4,20,Friday,cloudy,0,3000.0,6.1,100,55.93
F8-4,22,Friday,cloudy,0,3000.0,6.1,100,50.93
F8-4,7,Saturday,clear,0,3000.0,6.1,100,45.72
F8-4,6,Thursday,rain,0,3000.0,6.1,124.25,48.98
F8-4,20,Sunday,clear,0,3000.0,6.1,100,56.81
F8-4,23,Saturday,clear,0,3000.0,6.1,100,52.1
F8-4,9,Wednesday,clear,0,3000.0,6.1,100,47.28
F8-4,11,Thursday,cloudy,0,3000.0,6.1,100,55.56
F8-4,4,Monday,cloudy,0,3000.0,6.1,137.86,53.36
F8-4,9,Sunday,fog,1,3000.0,6.1,100,44.73
F8-4,5,Friday,rain,0,3000.0,6.1,100,48.29
F8-4,21,Tuesday,cloudy,0,3000.0,6.1,100,53.63
F8-4,18,Monday,cloudy,0,3000.0,6.1,100,47.53
F8-4,4,Friday,fog,0,3000.0,6.1,100,50.91
F8-4,4,Sunday,fog,0,3000.0,6.1,100,49.96
F8-4,7,Saturday,rain,1,3000.0,6.1,100,44.99
F8-4,19,Wednesday,clear,0,3000.0,6.1,141.09,48.1
F8-4,4,Wednesday,fog,1,3000.0,6.1,100,47.92
F8-4,7,Monday,clear,1,3000.0,6.1,100,48.13
F8-4,5,Friday,clear,0,3000.0,6.1,100,55.22
F8-4,2,Tuesday,cloudy,0,3000.0,6.1,100,50.46
F8-4,0,Friday,cloudy,1,3000.0,6.1,100,50.65
F8-4,0,Monday,clear,0,3000.0,6.1,148.85,54.98
F8-4,9,Tuesday,fog,0,3000.0,6.1,100,41.81
F8-4,8,Thursday,rain,0,3000.0,6.1,101.7,44.31
F8-4,1,Saturday,cloudy,0,3000.0,6.1,100,50.65
F8-4,4,Tuesday,rain,0,3000.0,6.1,100,45.37
F8-4,9,Tuesday,cloudy,0,3000.0,6.1,100,46.2
F8-4,5,Tuesday,cloudy,0,3000.0,6.1,100,53.85
F8-4,21,Sunday,fog,0,3000.0,6.1,100,48.99
F8-4,0,Sunday,clear,1,3000.0,6.1,138.72,55.47
F8-4,18,Thursday,clear,0,3000.0,6.1,100,49.62
F8-4,14,Wednesday,rain,0,3000.0,6.1,100,46.46
F8-4,9,Wednesday,fog,0,3000.0,6.1,100,44.53
F8-4,11,Sunday,cloudy,0,3000.0,6.1,129.39,50.77
F8-4,6,Friday,fog,0,3000.0,6.1,100,48.83
F8-4,18,Friday,clear,0,3000.0,6.1,145.81,47.56
F8-4,12,Thursday,clear,0,3000.0,6.1,100,56.85
F8-4,4,Wednesday,clear,0,3000.0,6.1,100,51.34
F8-4,17,Tuesday,cloudy,0,3000.0,6.1,100,48.6
F8-4,22,Thursday,fog,0,3000.0,6.1,100,50.0
F8-4,1,Friday,cloudy,0,3000.0,6.1,100,53.52
F8-4,14,Sunday,clear,1,3000.0,6.1,100,55.55
F8-4,18,Saturday,rain,0,3000.0,6.1,125.1,41.31
F8-4,22,Sunday,fog,0,3000.0,6.1,100,50.78
F8-4,22,Sunday,rain,0,3000.0,6.1,126.53,49.08
F8-4,1,Tuesday,rain,1,3000.0,6.1,100,51.11
F8-4,22,Thursday,fog,0,3000.0,6.1,100,48.78
F8-4,20,Thursday,rain,0,3000.0,6.1,100,48.53
F8-4,6,Thursday,fog,0,3000.0,6.1,100,47.84
F8-4,23,Sunday,rain,0,3000.0,6.1,100,50.66
F8-4,0,Friday,rain,1,3000.0,6.1,100,47.92
F8-4,23,Tuesday,fog,1,3000.0,6.1,100,52.13
F8-4,2,Tuesday,rain,0,3000.0,6.1,100,46.0
F8-4,7,Thursday,clear,0,3000.0,6.1,100,46.09
F8-4,2,Sunday,clear,0,3000.0,6.1,100,54.22
F8-4,9,Wednesday,cloudy,0,3000.0,6.1,100,44.81
F8-4,7,Thursday,cloudy,0,3000.0,6.1,100,49.11
F8-4,13,Sunday,cloudy,1,3000.0,6.1,100,53.79
F8-4,14,Saturday,clear,0,3000.0,6.1,100,53.61
F8-4,1,Tuesday,clear,0,3000.0,6.1,100,53.48
F8-4,5,Tuesday,rain,0,3000.0,6.1,100,46.87
F8-4,20,Monday,rain,0,3000.0,6.1,100,48.27
F8-4,1,Monday,rain,0,3000.0,6.1,100,49.73
F8-4,6,Monday,fog,0,3000.0,6.1,100,49.7
F8-4,2,Tuesday,cloudy,0,3000.0,6.1,100,51.17
F8-4,20,Tuesday,clear,0,3000.0,6.1,117.4,52.44
F8-4,12,Thursday,rain,0,3000.0,6.1,100,50.9
F8-4,8,Monday,rain,0,3000.0,6.1,100,43.16
F8-4,14,Thursday,clear,1,3000.0,6.1,100,53.63
F8-4,17,Friday,cloudy,1,3000.0,6.1,100,48.05
F8-4,7,Thursday,rain,0,3000.0,6.1,100,40.62
F8-4,16,Monday,clear,1,3000.0,6.1,100,51.25
F8-4,6,Tuesday,clear,1,3000.0,6.1,100,53.86
F8-4,3,Tuesday,fog,1,3000.0,6.1,100,52.28
F8-4,22,Wednesday,rain,1,3000.0,6.1,100,45.42
F8-4,2,Wednesday,clear,1,3000.0,6.1,100,56.59
F8-4,17,Sunday,rain,0,3000.0,6.1,100,44.01
F8-4,23,Thursday,clear,0,3000.0,6.1,100,55.34
F8-4,4,Saturday,rain,0,3000.0,6.1,100,49.44
F8-4,23,Tuesday,cloudy,0,3000.0,6.1,133.01,52.69
F8-4,11,Friday,cloudy,0,3000.0,6.1,100,51.3
F8-4,4,Tuesday,cloudy,0,3000.0,6.1,142.6,51.15
F8-4,14,Thursday,fog,0,3000.0,6.1,100,51.83
F8-4,2,Thursday,clear,1,3000.0,6.1,100,53.38
